MCC,ZIPCODE
0,92055
0,92055
0,96373
0,96382
0,92055
0,22134
0,92145
0,85369
0,28533
0,30905
0,96863
0,96205
0,22134
0,22134
0,20390
0,22134
0,70114
0,64147
0,64197
0,70114
0,22134
0,70114
0,92140
0,92140
0,22134
0,92140
0,92140
0,92278
0,27409
0,1434
0,31409
0,934
0,67210
0,77034
0,63044
0,63044
0,76127
0,76127
0,11234
0,55111
0,18644
0,93246
0,92055
0,12550
0,46613
0,63044
0,60088
0,2841
0,96349
0,13211
0,7701
0,6512
0,2905
0,17070
0,22134
0,28543
0,29904
0,29905
0,31704
0,28533
0,92055
0,92277
0,85369
0,92311
0,92124
0,22134
0,22134
0,22134
0,11530
0,22134
0,28542
0,92055
0,20755
0,28542
0,20388
0,20380
0,89115
0,60088
0,96863
0,87117
0,78219
0,94501
0,28542
0,28542
0,28542
0,28542
0,73150
0,95828
0,85730
0,87117
0,96372
0,96604
0,96604
0,96604
0,96604
0,96380
0,96389
0,96380
0,96380
0,92055
0,70143
0,8640
0,8640
0,23511
0,28533
0,28533
0,28533
0,28545
0,94501
0,94501
0,33611
0,33611
0,75051
0,75051
0,28542
0,22134
0,92311
0,31704
0,31704
0,78719
0,78419
0,76127
0,20350
0,35023
0,85309
0,97477
0,61604
0,49015
0,94519
0,21702
0,58075
0,22134
0,90740
0,40121
0,22134
0,23461
0,39534
0,20755
0,23185
0,92055
0,99506
0,94501
0,70114
0,70114
0,39309
0,47803
0,33015
0,92131
0,22134
0,28542
0,22134
0,60037
0,45433
0,29905
0,3053
0,11530
0,11234
0,8640
0,32803
0,35801
0,90822
0,90740
0,80011
0,53704
0,55111
0,92055
0,92055
0,92055
0,19007
0,19007
0,28213
0,76127
0,21234
0,55450
0,55450
0,12550
0,8640
0,7806
0,14201
0,92055
0,97217
0,97217
0,28542
0,28542
0,28542
0,28542
0,95112
0,59102
0,85369
0,92055
0,92145
0,92278
0,92145
0,98433
0,28542
0,28542
0,28542
0,28542
0,96373
0,96604
0,96604
0,96604
0,96863
0,96385
0,96604
0,96604
0,96604
0,96604
0,96604
0,96603
0,40510
0,15137
0,18109
0,92145
0,92145
0,96863
0,92055
0,28545
0,28545
0,96863
0,92055
0,92055
0,28545
0,92145
0,96863
0,28545
0,28542
0,28542
0,28542
0,77034
0,77034
0,78719
0,78419
0,77034
0,78550
0,70114
0,1434
0,23459
0,60088
0,78219
0,20373
0,11234
0,94519
0,1434
0,76544
0,33621
0,92055
0,92131
0,92055
0,94501
0,50109
0,44142
0,12550
0,28542
0,28542
0,96385
0,92055
0,92055
0,92055
0,92055
0,92055
0,92055
0,92055
0,92055
0,92055
0,92055
0,92055
0,92055
0,92055
0,28542
0,28542
0,28542
0,28542
0,92055
0,92055
0,92055
0,92055
0,92278
0,70114
0,70114
0,45207
0,9834
0,28542
0,92055
0,93555
0,32508
0,92145
0,29904
0,36605
0,92131
0,40510
0,15137
0,59102
0,55111
0,45433
0,92055
0,70114
0,96385
0,28542
0,22134
0,20640
0,92055
0,28533
0,28533
0,28533
0,28533
0,28533
0,28545
0,29904
0,28533
0,28533
0,92145
0,92145
0,92145
0,92145
0,25313
0,24019
0,85369
0,85369
0,28533
0,28533
0,28533
0,28533
0,28533
0,92055
0,92055
0,79607
0,77550
0,76707
0,70820
0,20374
0,20380
0,64197
0,20374
0,22134
0,17070
0,68113
0,11530
0,11530
0,48045
0,48045
0,31409
0,28542
0,28542
0,28542
0,28542
0,28542
0,28542
0,28542
0,28542
0,28542
0,28542
0,92055
0,92055
0,92055
0,92055
0,92055
0,92055
0,92055
0,92055
0,92055
0,92055
0,92055
0,31098
0,76127
0,22134
0,28542
0,28542
0,28542
0,28542
0,96863
0,96863
0,96863
0,96863
0,30069
0,30069
0,92145
0,44142
0,92055
0,92140
0,28542
0,28542
0,28542
0,28542
0,28542
0,28542
0,28542
0,28542
0,28542
0,28542
0,7701
0,96537
0,92140
0,92278
0,92278
0,92278
0,28542
0,28542
0,28542
0,28542
0,28542
0,28542
0,28542
0,28542
0,85369
0,32511
0,80011
0,77034
0,60625
0,60625
0,24502
0,37920
0,21234
0,32226
0,60088
0,92145
0,55450
0,8640
0,18644
0,48045
0,1022
0,28533
0,96372
0,92055
0,85369
0,92055
0,92145
0,29904
0,28545
0,96372
0,80011
0,21234
0,21234
0,33172
0,96606
0,96603
0,9107
0,96372
0,92145
0,28533
0,60088
0,96373
0,96373
0,96603
0,96373
0,28533
0,28542
0,28542
0,28542
0,28542
0,92055
0,92055
0,92055
0,92055
0,92055
0,92055
0,92055
0,92055
0,92055
0,92055
0,28542
0,92055
0,92055
0,92055
0,28542
0,92055
0,92055
0,28542
0,92055
0,98433
0,94519
0,28542
0,70114
0,92140
0,28542
0,28542
0,28542
0,28542
0,28542
0,28542
0,96382
0,96382
0,96389
0,22134
0,22134
0,29905
0,29905
0,29905
0,54304
0,36605
0,33621
0,54304
0,11530
0,90660
0,93043
0,22134
0,29904
0,22203
0,96385
0,92055
0,28542
0,92055
0,49015
0,58075
0,48906
0,99506
0,43551
0,47803
0,11234
0,60625
0,95330
0,94519
0,24502
0,24019
0,76127
0,32508
0,30069
0,44142
0,44720
0,43217
0,19033
0,19033
0,38054
0,49015
0,20373
0,30069
0,92131
0,29044
0,29605
0,36107
0,20373
0,36605
0,94519
0,1434
0,76544
0,22134
0,28542
0,92055
0,15137
0,96603
0,96603
0,96603
0,96603
0,96603
0,64147
0,98433
0,7701
0,30069
0,30069
0,75501
0,28542
0,28542
0,76127
0,30080
0,97477
0,46613
0,2115
0,1432
0,6062
0,3053
0,31905
0,92055
0,98901
0,83705
0,92278
0,68113
0,29605
0,20373
0,29418
0,95112
0,66607
0,31704
0,92145
0,28533
0,96863
0,96863
0,28545
0,58075
0,92131
0,32803
0,23607
0,15137
0,37920
0,20373
0,92055
0,92055
0,92055
0,21702
0,19078
0,44473
0,45207
0,28542
0,92055
0,83705
0,17110
0,11234
0,97217
0,92278
0,92145
0,85369
0,96385
0,28542
0,92055
0,84113
0,90660
0,94066
0,93043
0,70114
0,92278
0,63044
0,63044
0,43551
0,48906
0,48601
0,49015
0,60625
0,28542
0,28542
0,96387
0,92055
0,65802
0,36107
0,48045
0,60088
0,7701
0,7701
0,20350
0,92278
0,64147
0,22134
0,22134
0,22134
0,22134
0,28304
0,28304
0,38054
0,27409
0,28213
0,79930
0,90740
0,84065
0,6062
0,78236
0,31704
0,80011
0,92055
0,28533
0,43213
0,96603
0,46216
0,29905
0,23297
0,92278
0,92311
0,49014
0,40121
0,28542
0,92278
0,92278
0,92278
0,92278
0,92278
0,92278
0,28542
0,28542
0,28542
0,90740
0,84113
0,28213
0,44142
0,44142
0,44720
0,43217
0,15137
0,48045
0,96863
0,22134
0,22134
0,96310
0,96310
0,68111
0,39501
0,46216
0,64147
0,46971
0,27409
0,80011
0,80011
0,23511
0,96860
0,92055
0,20755
0,70114
0,22134
0,70114
0,92140
0,96861
0,96861
0,23234
0,19808
0,71111
0,37167
0,72118
0,92055
0,20762
0,85369
0,19154
0,19007
0,8640
0,23234
0,18109
0,37406
0,27409
0,70143
0,76127
0,28542
0,28542
0,28542
0,28542
0,1434
0,1434
0,77034
0,28542
0,96603
0,85369
0,85369
0,29904
0,28533
0,28533
0,28545
0,96372
0,28545
0,28545
0,61604
0,64147
0,28545
0,28545
0,29904
0,96372
0,92055
0,76127
0,29406
0,32827
0,85369
0,28533
0,96863
0,92055
0,85369
0,92055
0,28545
0,28533
0,28533
0,29904
0,28533
0,28542
0,92055
0,92055
0,36605
0,33611
0,32226
0,77034
0,29904
0,92055
0,76127
0,29905
0,8640
0,70508
0,60088
0,20373
0,1022
0,92145
0,60088
0,76127
0,76127
0,92145
0,93246
0,96372
0,92145
0,28533
0,60088
0,92145
0,96310
0,92055
0,80011
0,46970
0,28542
0,28542
0,76908
0,96310
0,32226
0,28545
0,22134
0,22134
0,22134
0,92145
0,1022
0,22134
0,92055
0,28542
0,96606
0,28545
0,22134
0,22134
0,70114
0,64147
0,64147
0,22134
0,22134
0,22134
0,22134
0,22134
0,64197
0,64197
0,70114
0,70114
0,64147
0,64147
0,null
0,0
0,16504
0,22134
0,30080
0,92055
0,92145
0,78219
0,30080
0,92055
0,28542
0,96427
0,92055
0,28542
0,28542
0,28542
0,28542
0,96863
0,8640
0,23451
0,28542
0,76127
0,76127
0,28533
0,28542
0,23459
0,92055
0,33172
0,92278
0,22134
0,92055
0,92145
0,28542
0,60088
0,92278
0,22134
0,92140
0,80914
0,28533
0,17070
0,96857
0,19101
0,76127
0,20670
0,78251
0,96328
0,28542
0,28545
0,96863
0,23461
0,23461
0,62225
0,20640
0,93437
0,22134
0,31704
0,80011
0,93517
0,96604
0,22134
0,28542
0,28542
0,28542
0,28542
0,28542
0,28542
0,28542
0,28542
0,30067
0,92145
0,30080
0,78550
0,75051
0,78219
0,79403
0,74014
0,71111
0,72118
0,64147
0,46216
0,60037
0,53207
0,68111
0,67210
0,61299
0,66619
0,65802
0,28542
0,22134
0,94066
0,91107
0,92278
0,94066
0,98433
0,99205
0,54304
0,92131
0,92131
0,96863
0,90201
0,92055
0,98901
0,20373
0,46216
0,20350
0,22134
0,23551
0,9107
0,28542
0,96382
0,33621
0,9107
0,22134
0,92055
0,22134
0,92155
0,92115
0,96863
0,96310
0,96602
0,22134
0,28542
0,92055
0,96205
0,96218
0,22134
0,29406
0,92055
0,28542
0,92055
0,92055
0,92055
0,96863
0,19808
0,15931
0,46216
0,89115
0,1434
0,11234
0,4011
0,11234
0,16504
0,19007
0,8640
0,15931
0,17110
0,21234
0,25313
0,47803
0,23459
0,15137
0,20373
0,22134
0,29905
0,22134
0,11234
0,37920
0,735
0,35801
0,31704
0,37406
0,37167
0,33409
0,37615
0,20373
0,27409
0,46216
0,39501
0,33015
0,27606
0,22134
0,22134
0,22134
0,22134
0,22134
0,22134
0,22134
0,22134
0,22134
0,22134
0,22134
0,22204
0,22134
0,22134
0,22134
0,20390
0,22134
0,22134
0,20380
0,64131
0,28542
0,92055
0,64131
0,96863
0,96373
0,22134
0,44199
0,22134
0,22134
0,22134
0,22134
0,22134
0,64131
0,64131
0,93955
0,64197
0,22134
0,20390
0,31547
0,22134
0,28304
0,22134
0,20755
0,30905
0,78251
0,96857
0,22134
0,93944
0,65473
0,35897
0,73503
0,30905
0,85613
0,76908
0,78236
0,23801
0,23461
0,22134
0,22134
0,22134
0,22134
0,22134
0,22134
0,22134
0,22134
0,22134
0,22134
0,22134
0,22134
0,22134
0,22134
0,22134
0,22134
0,22134
0,22134
0,22134
0,22134
0,22134
0,22134
0,22134
0,22134
0,92140
0,92140
0,92140
0,92278
0,32226
0,28542
0,28542
0,28533
0,29904
0,31704
0,92140
0,32508
0,23551
0,85369
0,92278
0,96310
0,96373
0,9107
0,20755
0,22134
0,22134
0,92055
0,40510
0,59102
0,70114
0,80011
0,78219
0,78219
0,76127
0,70143
0,60088
0,92145
0,12550
0,11234
0,92055
0,92055
0,77034
0,21234
0,98433
0,98433
0,60088
0,96860
0,9593
0,9645
0,9834
0,98315
0,23185
0,33621
0,22134
0,22134
0,92055
0,22134
0,28542
0,28542
0,28542
0,28542
0,28542
0,28542
0,28542
0,28542
0,28542
0,28542
0,29905
0,29905
0,29905
0,29905
0,29905
0,29905
0,29905
0,92055
0,92055
0,92055
0,92055
0,92055
0,92055
0,92055
0,92055
0,92055
0,92055
0,92055
0,92055
0,93517
0,92055
0,92055
0,92140
0,92055
0,92055
0,92055
0,92055
0,96380
0,96380
0,96380
0,96380
0,96863
0,96380
0,96604
0,96380
0,96604
0,96604
0,96373
0,96604
0,96863
0,96863
0,96604
0,96863
0,96373
0,96604
0,96373
0,96604
0,96604
0,96604
0,96604
0,70114
0,85730
0,70114
0,30069
0,30069
0,76127
0,19154
0,30069
0,96373
0,96373
0,96373
0,96373
0,28213
0,80011
0,80011
0,92278
0,22134
0,22134
0,22134
0,22134
0,22134
0,22134
0,85309
0,96863
0,28542
0,28542
0,28542
0,28542
0,28542
0,28542
0,28542
0,28542
0,28542
0,28542
0,28542
0,28542
0,28542
0,28542
0,28533
0,29904
0,28542
0,28542
0,28533
0,28542
0,28542
0,28542
0,28542
0,96373
0,96604
0,96604
0,96604
0,28542
0,92055
0,92055
0,92055
0,92055
0,92055
0,92055
0,92055
0,92055
0,92055
0,92055
0,92055
0,92278
0,92278
0,94501
0,92055
0,92055
0,92055
0,92055
0,92055
0,92055
0,92145
0,92278
0,92055
0,92055
0,92055
0,92055
0,92055
0,92055
0,92055
0,92055
0,92055
0,92055
0,92055
0,92055
0,28542
0,28542
0,60088
0,33015
0,96373
0,28542
0,28542
0,28542
0,28542
0,55111
0,28542
0,28542
0,28542
0,28542
0,96610
0,92055
0,96610
0,20521
0,96382
0,96385
0,92055
0,92055
0,92278
0,20755
0,80914
0,22134
0,96603
0,9107
0,31704
0,28542
0,28542
0,28542
0,28542
0,28542
0,28542
0,49015
0,28542
0,28542
0,92131
0,96863
0,90201
0,70508
0,33409
0,11234
0,11234
0,11234
0,28542
0,28542
0,92055
0,92055
0,92055
0,92055
0,92278
0,92055
0,33611
0,33611
0,23459
0,77550
0,33611
0,97217
0,97217
0,92278
0,70114
0,84065
0,22134
0,13211
0,29044
0,92055
0,35023
0,94066
0,94066
0,91107
0,91107
0,48045
0,92055
0,50109
0,53207
0,53704
0,60037
0,1434
0,1434
0,1432
0,1432
0,4011
0,14201
0,37615
0,1432
0,7806
0,76127
0,99205
0,90740
0,75051
0,75051
0,79930
0,98433
0,73150
0,74014
0,78219
0,78219
0,30080
0,70114
0,80011
0,92131
0,20373
0,80011
0,78219
0,60088
0,23451
0,11234
0,78226
0,23551
0,23551
0,23459
0,85369
0,92055
0,28542
0,92055
0,96385
0,92055
0,92055
0,92145
0,92055
0,28542
0,28542
0,96610
0,35023
0,35023
0,35023
0,70114
0,32827
0,70114
0,12550
0,32508
0,20670
0,78419
0,72099
0,92055
0,92055
0,92055
0,92055
0,92055
0,92055
0,92055
0,92055
0,92055
0,92055
0,92055
0,92055
0,92278
0,92278
0,92278
0,92278
0,92055
0,92055
0,92055
0,92278
0,92055
0,92055
0,92055
0,28542
0,28542
0,28542
0,28542
0,28542
0,28542
0,28542
0,28542
0,28542
0,28542
0,28542
0,28542
0,28542
0,28542
0,96863
0,92278
0,28542
0,96389
0,96389
0,92055
0,92055
0,92278
0,96385
0,96385
0,96863
0,96385
0,92278
0,92278
0,92278
0,92278
0,23451
0,23451
0,29904
0,92145
0,92145
0,92145
0,92145
0,92145
0,92145
0,92055
0,28533
0,92145
0,29904
0,92145
0,92145
0,92055
0,92145
0,76127
0,85369
0,96863
0,96372
0,96372
0,20762
0,48045
0,32508
0,55450
0,70143
0,1022
0,8640
0,92145
0,15902
0,85369
0,92055
0,28542
0,6512
0,7701
0,2905
0,98433
0,95828
0,95330
0,79408
0,75501
0,28213
0,61299
0,79607
0,76707
0,44473
0,95112
0,27602
0,29418
0,89115
0,70820
0,20373
0,92145
0,96603
0,85369
0,28533
0,98278
0,92145
0,57719
0,60088
0,96372
0,96603
0,96603
0,96863
0,28533
0,28533
0,29904
0,28533
0,85369
0,92055
0,92055
0,92055
0,96372
0,92145
0,1022
0,92145
0,96372
0,96373
0,96603
0,28533
0,29904
0,96310
0,85369
0,70143
0,92145
0,28545
0,92145
0,92055
0,92145
0,28545
0,28545
0,92055
0,28545
0,92145
0,85369
0,92145
0,29904
0,29904
0,15902
0,28533
0,85369
0,28545
0,85369
0,28533
0,29904
0,92145
0,28545
0,92145
0,12550
0,96372
0,28545
0,92055
0,96863
0,28545
0,23451
0,92055
1,29904
2,92145
3,22134
3,22134
4,92055
4,92055
4,92055
4,92055
7,22134
7,22134
7,22134
7,22134
8,20350
10,20380
10,22134
10,22134
10,22134
10,22134
10,22134
10,64131
10,64131
10,93955
10,22134
10,22134
10,22134
10,22134
10,22134
10,22134
10,22134
10,22134
10,22134
10,22134
10,22134
10,22134
10,22134
10,22134
10,22134
10,22134
10,22134
10,22134
10,22134
10,22134
10,20350
10,20350
10,22134
10,22134
10,22134
10,22134
10,22134
10,22134
10,22134
10,22134
10,22134
10,22134
10,22134
10,22204
10,22134
10,22134
10,22134
10,22134
10,92145
10,92145
11,22214
11,22214
12,22134
12,22134
12,22134
12,22134
12,22134
12,22134
12,22134
12,22134
13,28542
13,28543
13,28542
13,28542
13,28542
13,28542
14,92055
14,92055
14,92055
14,92055
14,92055
14,92055
14,92055
14,92055
14,92055
14,22134
14,92055
14,20755
14,92055
15,92278
15,92277
15,92278
15,92278
15,92278
16,29905
16,29905
16,29905
16,29905
16,29905
16,29905
16,29905
16,29905
16,29905
16,29905
16,29905
16,29905
17,92140
17,92140
17,92140
17,92140
17,92140
17,92140
17,92140
17,92140
17,92140
17,92140
17,92140
17,92140
17,92140
17,92140
18,28533
19,92311
19,92311
19,92311
21,29905
22,28533
22,28533
22,28533
22,28533
23,92124
23,92145
23,92145
23,92145
23,92115
23,92145
24,28545
24,28545
25,92278
26,29904
26,29904
26,29904
26,29904
27,85369
27,85369
27,85369
28,93517
28,93517
29,23459
30,92155
31,92145
32,22134
32,22134
33,96863
34,22134
36,22134
38,92055
38,92055
39,31704
39,31704
40,29905
40,29905
40,29905
40,29905
40,29905
40,29905
40,29905
40,29905
41,92140
41,92140
41,92140
41,92140
41,92140
41,92140
41,92140
41,92140
42,22134
43,22134
44,96310
44,96310
44,96310
44,96310
44,96310
45,96372
45,96372
47,64147
48,28533
50,92278
52,92055
53,20350
54,28542
57,92055
57,92055
60,29905
61,28542
61,28542
61,28542
63,31704
63,31704
63,31704
63,31704
66,31704
66,31704
67,92278
67,92278
68,22134
68,22134
68,22134
68,22134
69,22134
69,22134
70,22134
70,22134
73,31704
74,22134
77,22134
77,22134
77,20350
78,22134
78,22134
78,22134
80,22134
80,22134
82,22134
82,22134
84,22134
84,22134
86,22134
86,22134
87,22134
87,22134
88,92278
90,96863
90,96863
91,96863
91,96863
91,96863
91,96863
92,96373
92,96373
92,96373
92,96602
93,96387
93,96387
94,28542
94,28542
94,28542
95,22134
95,22134
96,28542
96,28542
97,28542
97,28542
98,92055
98,92055
100,76127
100,28542
102,96603
107,28542
107,28542
108,78226
109,60088
109,60088
110,96861
110,96861
110,96861
110,96861
111,23551
111,23551
111,23551
111,23551
111,23551
112,96610
114,92055
115,28542
116,96385
119,862
121,92055
121,92055
121,92055
122,28542
122,28542
122,28542
122,28542
122,28542
122,28542
124,96382
124,96382
124,96382
127,96537
127,96915
128,96863
129,96218
130,96863
130,96863
137,92055
137,92055
137,92055
137,92055
138,28542
138,28542
138,28542
138,28542
139,96603
139,96606
139,96606
139,96603
142,28533
142,28533
142,28533
142,28533
143,92145
143,92145
143,92145
145,96603
145,96373
145,96603
146,96603
148,96603
152,28542
160,28545
165,29904
167,92055
168,92278
169,92055
169,92055
169,92055
174,92055
175,28542
181,96382
182,92055
183,96372
184,92145
185,28542
186,28533
193,92055
193,92055
193,92055
193,92055
193,92055
193,92055
193,92055
198,28542
198,28542
198,28542
198,28542
198,28542
198,28542
198,28542
199,28542
199,28542
199,28542
199,28542
199,28542
225,23691
226,23185
226,23185
233,20390
233,20390
239,31547
268,98315
275,66027
281,20390
282,21788
283,20390
312,9593
313,9645
330,9834
414,92155
425,23551
426,23691
434,23551
434,23551
436,96861
436,96861
439,9626
442,96860
444,23551
449,92155
451,96306
452,23551
454,92155
460,23551
461,92101
462,92135
467,92147
468,9501
470,96601
475,96205
476,96373
516,33621
528,9805
620,92155
640,9564
649,92136
657,96663
710,92155
722,96601
726,96601
728,9501
730,96601
732,9501
734,92155
736,9501
740,32228
742,96601
751,23511
751,96692
752,96623
753,9534
754,92155
755,9554
756,9573
757,9573
758,96667
759,96617
759,96643
761,9501
762,96692
762,96692
763,9578
764,96643
765,92155
766,32226
766,9583
776,92155
778,92155
779,92155
780,92155
782,23551
783,96660
783,96692
784,23551
787,96322
800,20755
800,20755
800,20755
802,20755
802,20755
803,20755
809,23551
810,96857
815,96857
817,30905
817,30905
818,78251
818,78251
819,96857
819,96857
821,28307
825,32511
836,96205
836,96205
842,80011
842,80011
843,20350
843,20350
861,22214
863,96861
864,96546
865,96387
902,11530
902,11530
904,17070
904,17070
908,29905
908,29905
910,76127
910,76127
912,60088
912,60088
914,92140
914,92140
915,92055
922,12189
922,12189
924,87109
924,87109
926,21076
926,21076
928,36116
928,36116
930,2210
930,2210
934,43215
934,43215
936,60018
936,60018
938,21704
938,21704
940,44130
940,44130
942,75081
942,75081
944,80203
944,80293
946,50131
946,50131
948,48084
948,48084
950,1022
950,1022
952,77002
952,77002
956,46216
956,46216
960,33619
960,33619
961,32207
961,32207
962,64153
962,64153
963,48933
963,48911
964,76013
964,76013
965,92518
965,92518
966,91401
966,91401
967,33324
967,33324
968,40202
968,40202
970,30092
970,30092
971,3801
971,3801
972,55111
972,55111
973,29223
973,29223
974,53224
974,53224
976,37214
976,37214
976,37214
977,28217
977,28217
978,70808
978,70808
979,7722
979,7722
980,11530
980,11530
982,73102
982,73102
987,17070
987,17070
988,15222
988,15222
989,85004
989,85012
990,97204
990,97204
992,27609
992,27609
994,23236
994,23236
995,95834
995,95834
996,84115
996,84115
998,78217
998,78217
999,92127
999,92127
1000,92145
10000,20670
100000,28542
1000000,28542
10000000,28542
100000000,28542
1000000000,28542
01A,92055
01B,70114
01C,70114
01D,70114
01E,22134
01E,22134
03A,31704
03A,31704
07A,22134
07A,22134
10A,78219
10A,78219
10B,20373
10B,20373
10C,11234
10C,11234
10D,94519
10E,1434
10F,76544
10F,76544
11A,96863
11B,96603
11W,96373
12A,28545
12B,29904
12W,28533
13A,92055
13B,85369
13W,92145
15A,28542
15A,28542
15A,28542
15B,28542
15B,28542
15B,28542
15B,28542
15B,28542
15C,28542
15C,28542
15D,28542
15D,28542
15D,28542
15E,28542
15E,28542
15E,28542
15F,28542
15F,28542
15F,28542
15G,28542
15G,28542
15H,28542
15H,28542
15H,28542
15H,28542
15H,28542
15H,28542
15H,28542
15J,28542
15J,28542
15J,28542
15J,28542
15J,28542
15K,28542
15K,28542
15K,28542
15K,28542
15K,28542
15L,28542
15L,28542
15L,28542
15L,28542
15L,28542
15L,28542
15L,28542
15L,28542
15L,28542
15M,28542
15M,28542
15M,28542
15M,28542
15N,28542
15N,28542
15N,28542
15N,28542
15N,28542
15N,28542
15P,92145
15S,92055
15S,92055
15S,92055
15S,92055
15S,92055
15S,92055
15S,92055
15T,28542
15T,28542
15T,28542
15T,28542
15T,28542
15T,28542
16D,96373
16D,96373
16D,96373
16D,96373
16D,96373
16F,92055
16G,96863
16H,96382
19D,92278
19D,92278
19D,92278
19D,92278
19D,92278
19D,92278
19E,92278
19F,92055
19F,92055
19F,92055
19F,92055
19F,92055
19G,28542
19G,28542
19M,6615
1A4,73145
1A5,85369
1A5,85369
1C0,92055
1C0,92055
1C0,92055
1C0,92055
1C1,96606
1C1,96382
1C1,96382
1C1,96382
1C3,92055
1C4,92055
1C5,92278
1C6,96610
1C7,92055
1C8,96610
1C9,20521
1CC,96385
1CC,96385
1CE,96604
1CE,96604
1CE,96604
1CF,96604
1CF,96604
1CF,96604
1CF,96372
1CF,96604
1CG,92055
1CH,96604
1CH,96373
1CJ,96604
1CJ,96604
1CJ,96373
1CK,96863
1CK,96863
1CK,96863
1CK,96863
1CK,96863
1CL,96380
1CM,96604
1CM,96604
1CM,96604
1CM,96380
1CM,96380
1CM,96380
1CM,96380
1CN,96380
1CN,96389
1CN,96380
1CN,96380
1CN,96380
1CP,96604
1CP,96604
1CP,96373
1CP,96604
1CQ,96385
1CQ,96604
1CQ,96604
1CQ,96603
1CQ,96604
1CQ,96604
1CQ,96604
1CQ,96604
1CR,96604
1CR,96604
1CR,96373
1CR,96604
1CS,96603
1CS,96603
1CS,96603
1CS,96603
1CS,96603
1CY,23511
1CZ,92126
1DJ,9834
1DN,28545
1DX,9834
1DY,28533
1DY,28533
1DZ,92278
1EA,92278
1EC,92055
1EE,9107
1EE,9107
1EE,9107
1EG,92055
1EG,92055
1EG,92055
1EG,92055
1EG,92055
1EH,85369
1EM,9107
1EM,9107
1EN,96604
1EP,96427
1ER,28542
1ES,92055
1ET,92055
1EZ,96604
1F0,92055
1F1,28542
1F1,28542
1F1,28542
1F1,28542
1F1,28542
1F2,28542
1F2,28542
1F3,85369
1F4,28542
1F5,92055
1F5,92055
1F6,96385
1F6,96385
1F7,92278
1F7,92278
1F8,28542
1F8,28542
1F8,28542
1F9,28542
1FE,9622
1FJ,70114
1FJ,70114
1FK,28542
1FM,92055
1FM,92055
1FN,23459
1FN,23459
1FP,33409
1FQ,92055
1FR,92055
1FS,28542
1FT,28542
1FU,96373
1FU,96373
1FV,20350
1FV,20350
1FW,96863
1FX,96863
1FY,33172
1FY,33172
1FZ,70114
1FZ,70114
1FZ,70114
1FZ,70114
1G0,28542
1G0,28542
1G1,85707
1G7,96385
1G8,28542
1G9,92055
1GA,32226
1GA,32226
1GC,32226
1GD,96385
1GE,92055
1GF,22134
1GF,22134
1GH,70114
1GH,70114
1GR,92055
1GR,92055
1GR,92055
1GR,92055
1GR,92055
1GR,92055
1GS,28542
1GS,28542
1GS,28542
1GS,28542
1GS,28542
1GT,92278
1GT,92278
1GT,92278
1GT,92278
1GT,92278
1H4,70143
1H6,8733
1H9,76127
1HA,76127
1HB,92055
1HC,70114
1HD,74014
1HF,30069
1HG,11234
1HH,28542
1HJ,60625
1HK,28545
1HL,28545
1HM,28545
1HN,28545
1HQ,19007
1HS,92145
1HT,28545
1HU,98433
1HZ,92055
1J0,96863
1J1,85369
1J2,28533
1J3,96863
1JA,92145
1JB,96603
1JC,85369
1JC,85369
1JD,28533
1JE,92145
1JF,96863
1JG,28545
1JH,28545
1JJ,29904
1JL,96372
1JM,92055
1JN,96603
1JP,28545
1JQ,96372
1JS,28533
1JT,28545
1JU,28545
1JV,29904
1JW,92145
1JX,85369
1JY,92145
1JZ,92055
1K1,68113
1K1,68113
1K2,28542
1K3,96385
1K4,92055
1K4,92055
1L1,92055
1L2,29904
1L3,85369
1L3,85369
1L3,85369
1L3,85369
1L7,92145
1LB,96863
1LH,92311
1LH,92311
1LJ,92311
1LJ,92311
1LK,31704
1LK,31704
1LW,92055
1LX,85369
1M2,28542
1M2,28542
1M3,92055
1M3,92055
1M6,96863
1M6,96863
1M7,96373
1M7,96373
1M9,22134
1M9,22134
1ML,92055
1MN,96349
1MP,92055
1MQ,28542
1MR,28542
1MS,28542
1MT,28542
1MU,92055
1MX,28542
1MY,28542
1MZ,28542
1NA,28542
1NB,28542
1NC,28542
1ND,28542
1NE,92055
1NF,92055
1NG,92278
1NH,92055
1NJ,96863
1NK,96385
1NK,96385
1NL,96385
1NL,96385
1NP,92055
1NR,28542
1PA,28533
1PB,28533
1PB,28533
1PB,28533
1PF,28533
1PG,28533
1PH,28533
1PJ,28533
1PK,28533
1PL,28533
1PM,29904
1PN,28533
1PR,28533
1PR,28533
1PR,28533
1PR,28533
1PR,28533
1PV,28533
1QA,96372
1QB,96373
1QC,96373
1QD,96372
1QE,96372
1QF,96372
1QG,96603
1QH,96372
1QJ,96372
1QN,96373
1QP,96603
1QR,96863
1R1,92055
1R1,92055
1R2,28542
1R2,28542
1R3,96389
1R4,92055
1R5,28542
1R6,96389
1RA,20755
1RA,20755
1RS,92055
1RS,92055
1RT,28542
1RU,92055
1RV,28542
1RW,28542
1RW,28542
1RX,96389
1RX,96389
1S1,92155
1S8,28542
1SG,92055
1SH,28542
1SJ,96385
1SP,92055
1ST,92055
1T2,28533
1T2,28533
1T3,28545
1T3,28545
1T4,28545
1T5,92055
1T5,92055
1T6,92145
1T6,92145
1T9,28545
1T9,28545
1TC,85369
1TD,92055
1TE,28545
1TG,28545
1TH,92055
1TK,28533
1TK,28533
1TL,72099
1TM,72099
1TS,29904
1TV,29904
1TV,29904
1TW,32542
1U8,9834
1U8,9834
1U9,9834
1UG,22134
1UR,92055
1US,92055
1UV,28542
1UW,28542
1V1,96372
1V2,96310
1V4,96372
1VA,96863
1VB,96372
1VC,96603
1VD,28545
1VF,29904
1VG,92145
1VH,92055
1VJ,85369
1VM,28533
1VU,28533
1VV,28542
1W1,32544
1W2,92134
1W2,92134
1W3,92278
1W3,92278
1W4,96910
1W4,96910
1W5,96362
1W5,96362
1W6,96863
1W6,96863
1W7,96859
1W8,92055
1W8,92055
1W9,94304
1W9,94304
1WC,9180
1WC,9180
1WL,20889
1WL,20889
1WM,22060
1WM,22060
1WN,20762
1WN,20762
1WP,28542
1WR,92055
1WS,78234
1WS,78234
1WT,23708
1WT,23708
1WU,55417
1WU,55417
1WV,33612
1WV,33612
1WW,22134
1WW,22134
1WW,22134
1WX,28542
1WX,28542
1WY,92055
1WY,92055
1WZ,23249
1WZ,23249
1XA,92145
1XC,92145
1XC,92145
1XC,92145
1XG,92145
1XH,92145
1XJ,92145
1Y1,92055
1Y1,92055
1Y1,92055
1Y2,92055
1Y2,92055
1Y2,92055
1Y2,92055
1Y2,92055
1Y3,92055
1Y3,92055
1Y4,92055
1Y4,92055
1Y4,92055
1Y5,92055
1Y5,92055
1Y5,92055
1Y6,92278
1Y6,92278
1Y6,92278
1Y7,92055
1Y7,92055
1Y8,92055
1Y8,92055
1Y8,92055
1Y8,92055
1Y8,92055
1Y8,92055
1Y8,92055
1Y9,92055
1Y9,92055
1Y9,92055
1Y9,92055
1Y9,92055
1YA,92055
1YA,92055
1YA,92055
1YA,92055
1YA,92055
1YB,92055
1YB,92055
1YB,92055
1YB,92055
1YB,92055
1YB,92055
1YB,92055
1YB,92055
1YB,92055
1YC,92055
1YC,92055
1YD,92055
1YD,92055
1YD,92055
1YD,92055
1YD,92055
1YD,92055
1YD,92055
2W2,92134
2W3,92278
2W4,96910
2W5,96362
2W6,96863
2W9,94304
2WL,20889
2WM,22060
2WS,78234
2WT,23708
2WU,55417
2WV,33612
2WX,28542
2WY,92055
2WZ,23249
A00,94043
A00,94043
A01,93117
A02,98134
A02,98134
A04,63103
A04,63103
A06,92145
A07,79401
A08,30309
A10,2210
A11,78705
A12,30144
A14,60606
A16,43215
A17,44240
A18,76109
A19,22032
A21,19711
A22,52241
A24,80204
A25,77002
A26,47906
A28,37128
A28,37128
A29,92108
A30,32817
A31,64153
A32,41001
A33,68508
A34,90024
A35,53233
A36,55111
A37,70808
A38,47408
A40,73069
A41,65804
A42,19107
A43,15232
A44,20704
A45,22903
A48,7302
A49,84111
A50,98105
A52,63108
A53,97330
A54,13202
A59,3801
A60,23508
A70,77840
A71,28262
A72,85281
A74,14228
A75,80524
A78,58102
A79,27605
A80,8901
A81,99201
A83,95834
A84,12203
A85,19610
A88,92705
A88,92701
A89,48823
A90,11530
A91,40503
A93,16801
A94,29205
A95,1002
A96,48104
A98,2903
A99,61820
AAA,35401
AAB,24019
AAC,92705
AAD,94043
AAF,32601
AAG,32303
AAK,92507
AAM,75080
AAN,10003
AAP,33172
AAR,94704
ARP,22134
B22,33611
B22,33611
B25,8640
B25,8640
B27,23234
B27,23234
B28,37406
B28,37406
B29,90740
B29,90740
B31,84113
B31,84113
B32,24019
B32,24019
B34,21234
B34,21234
B35,75501
B35,75501
B37,76127
B37,76127
B38,11234
B38,11530
B39,80011
B40,1432
B41,44473
B41,44473
B44,63044
B44,63044
B45,20373
B45,20373
B45,20373
B46,48045
B46,48045
B48,77034
B48,77034
B50,94066
B50,94066
B50,94066
B54,60625
B54,60625
B58,44142
B58,44142
B64,78219
B64,78219
B65,76707
B65,76707
B66,91107
B66,91107
B67,61299
B67,61299
B69,1434
B69,1434
B70,43551
B70,43551
B74,7701
B74,7701
B78,92131
B78,92131
B78,92131
B83,94501
B83,94501
B87,49015
B87,49015
B88,33015
B88,33015
B90,35023
B90,35023
B91,46216
B91,46216
B92,44720
B92,44720
B93,37920
B93,37920
B97,19007
B97,19007
B98,90740
B99,99506
B99,99506
BA1,22134
BAA,92055
BAA,92055
BAC,21702
BAC,21702
BAD,84065
BAD,84065
BAE,22134
BAE,22134
BAE,22134
BAE,22134
BAG,75051
BAG,75051
BAK,54304
BAK,54304
BAS,58075
BAS,58075
BAS,58075
BAV,30080
BAV,30080
C01,6512
C01,6512
C03,98901
C03,98901
C05,83705
C05,83705
C06,19033
C06,19033
C06,19033
C07,39501
C07,39501
C08,87117
C08,87117
C11,49505
C11,49505
C11,49015
C12,72118
C12,72118
C13,32827
C13,32827
C14,27409
C14,27409
C15,15137
C16,40121
C16,40121
C19,29406
C19,29406
C20,45433
C21,19808
C21,19808
C23,13211
C23,13211
C25,15137
C25,15137
C25,15137
C27,2905
C27,2905
C28,18109
C28,18109
C29,25313
C29,25313
C31,11234
C31,11234
C34,99205
C34,99205
C35,74014
C35,74014
C35,74014
C36,79403
C36,79403
C37,94501
C37,94501
C39,89115
C39,89115
C40,50315
C40,50109
C42,70820
C42,70820
C43,37167
C43,37167
C44,47803
C44,47803
C45,46970
C45,46970
C46,14201
C46,14201
C47,59102
C47,59102
C48,36605
C48,36605
C49,92278
C49,92278
C51,95112
C51,95112
C58,37615
C58,37615
C59,27606
C59,27606
C60,29044
C60,29044
C63,60037
C63,60037
C63,60037
C64,96863
C64,96863
C66,29605
C66,29605
C67,30067
C67,30067
C68,36107
C68,36107
C71,77550
C71,77550
C72,32226
C72,32226
C74,53207
C74,53207
C75,53704
C75,53704
C77,45433
C77,45433
C78,17110
C78,17110
C79,85730
C79,85730
C80,4011
C80,4011
C83,70114
C84,61604
C84,61604
C86,67210
C86,67210
C87,40510
C87,40510
C88,70508
C88,70508
C89,97477
C89,97477
C92,23459
C93,30069
C93,30069
C97,73150
C97,73150
C98,65802
C98,65802
D07,7806
D07,7806
D08,24502
D08,24502
D10,55111
D10,55111
D13,78719
D13,78719
D18,3053
D18,3053
D19,79930
D19,79930
D33,78419
D33,78419
D35,94519
D35,94519
D35,94519
D50,48906
D50,48906
D51,48601
D59,66619
D59,66619
D67,93043
D67,93043
D70,6062
D70,6062
D76,71111
D76,71111
D79,85309
D79,85309
D82,90660
D82,90660
D88,43217
D88,43217
D93,98433
D93,98433
DAZ,76127
DJ2,23451
DJA,36605
DJA,36605
DJB,92131
DJB,92131
DJC,22134
DJC,22134
DJD,15137
DJE,80011
DJE,80011
DJF,92131
DJH,15137
DJK,20373
DJL,92055
DJM,92055
DJN,11234
DJP,98433
DJQ,98433
DJR,20373
DJR,20373
DJS,46216
DJS,46216
DJT,32827
DJU,27409
DJU,27409
DJV,60088
DJX,92145
DKA,76127
DKB,22134
DKC,1022
E53,28213
E53,28213
E54,16504
E54,16504
E55,38054
E55,38054
E56,95828
E56,95828
E59,95330
E59,95330
E67,79607
E67,79607
E71,1434
E71,1434
E71,1434
E74,45207
E74,45207
E75,90201
E75,90201
E76,94066
E78,64147
E78,64147
E84,33409
E84,33409
E86,15931
E86,15931
E91,31409
E91,31409
E92,28542
E92,28542
E93,735
E93,735
E94,78550
E94,78550
E95,31704
E95,31704
E99,35801
E99,35801
F01,97217
F01,97217
F11,46613
F11,46613
F23,68111
F23,68111
G02,23551
G10,31098
G14,93555
G14,93555
G15,80011
G15,80011
G16,76127
G16,76127
G16,76127
G17,92145
G17,92145
G18,60088
G18,60088
G18,60088
G18,60088
G18,60088
G19,60088
G19,60088
G20,48045
G20,48045
G26,32508
G27,38055
G28,55450
G28,55450
G28,55450
G30,70143
G30,70143
G30,70143
G32,23511
G32,23511
G35,18644
G35,18644
G35,18644
G36,92055
G36,92055
G40,1022
G40,1022
G40,1022
G42,8640
G42,8640
G42,8640
G52,93246
G52,93246
G57,15902
G57,15902
G57,15902
G60,23451
G60,23451
G60,23451
G63,12550
G63,12550
G63,12550
G69,23460
G71,78419
G72,93555
G72,93555
G76,20670
G76,20670
G77,32508
G78,32508
G78,32508
G79,85613
G80,78219
G80,78219
G81,39309
G83,92145
G86,20350
G87,32508
G90,32508
G91,32508
G95,93246
G97,23460
G98,32212
G9A,92135
G9F,31704
G9F,31704
G9F,31704
G9H,39309
G9J,32542
G9K,32542
G9L,29904
G9N,32542
GA1,39309
GA2,78363
GA3,78419
GA4,32570
GA5,32508
GA6,92055
GA7,92145
GA8,28533
GA9,22134
GB1,29904
H01,36830
H03,2215
H04,94720
H05,15213
H06,90095
H07,29409
H08,80309
H09,30314
H12,14853
H16,27708
H17,32611
H18,30332
H19,32307
H22,1610
H24,83844
H26,60616
H28,61822
H30,50011
H31,32211
H32,66045
H36,53233
H37,2139
H40,45056
H42,48104
H44,55455
H46,38677
H48,65211
H50,68588
H52,87106
H53,85287
H54,27515
H56,60201
H57,5055
H58,46556
H59,23459
H60,43210
H61,85719
H62,73069
H63,20052
H64,97331
H65,38152
H66,16802
H67,10465
H68,19104
H69,77054
H72,47907
H74,12181
H76,77005
H78,14627
H79,31404
H80,29208
H81,70813
H82,90089
H83,92182
H86,78712
H87,24450
H89,77030
H89,77841
H90,70118
H91,84112
H92,37240
H93,19085
H94,22904
H95,98195
H96,53715
H97,8901
H99,84112
H99,92110
H99,10027
H99,20052
H99,93940
H99,68588
H99,90095
H9A,24019
H9C,4421
HAA,22134
HAB,22134
HAB,20388
HAB,20380
HAB,22134
HAB,70114
HAB,22134
HAB,64147
HAB,20390
HAB,22134
HAB,70114
HAB,64147
HAB,64197
HAB,70114
HAB,22134
HAB,70114
HAB,22134
HAB,22134
HAB,22134
HAB,70114
HAB,64147
HAB,64147
HAB,22134
HAB,22134
HAB,22134
HAB,22134
HAB,64197
HAB,64197
HAB,70114
HAB,70114
HAB,64147
HAD,32114
HAE,33620
HC1,92110
HC2,21250
HC3,20742
HC4,23540
HC5,23529
HC6,6510
HC7,36088
IMA,70114
IMA,70114
IMA,70114
IMA,70114
IMA,70114
IMA,70114
IMA,70114
IMA,70114
IMA,70114
IMA,70114
IMA,70114
IMA,70114
IMA,70114
IMA,70114
IMA,70114
IMA,70114
IMA,70114
IMA,70114
IMA,70114
IMA,70114
IMA,70114
IMA,70114
IMA,70114
IMA,70114
IMA,70114
IMA,70114
IMA,70114
IMA,70114
IMA,70114
IMA,70114
IMA,70114
IMA,70114
IMA,70114
IMA,70114
IMA,70114
IMA,70114
IMA,70114
IMA,70114
IMA,70114
IMA,70114
IMA,70114
IMA,70114
IMA,70114
IMA,70114
IMA,70114
IMA,70114
IMA,70114
IMA,70114
IMA,70114
IMA,70114
IRR,70114
J02,36112
J08,93940
J14,80841
J15,28542
J15,28542
J15,28542
J15,28542
J15,28542
J15,28542
J15,28542
J15,28542
J15,28542
J15,28542
J17,0
J18,31905
J22,89406
J24,85369
J25,87106
J33,28542
J33,28542
J34,2841
J36,85613
J38,21402
J39,20755
J41,87117
J43,72099
J44,30905
J50,10996
J51,29207
J54,73503
J56,2841
J59,95112
J59,78712
J59,75024
J59,33172
J59,96348
J59,9046
J59,20036
J59,93940
J59,1434
J59,10065
J59,4473
J59,19104
J59,17110
J59,15213
J59,37235
J59,66027
J59,47907
J59,68179
J59,98605
J59,38152
J59,94305
J59,80401
J59,96507
J61,22134
J62,22134
J64,22134
J65,22134
J66,22134
J71,22903
J78,23801
J87,20319
J88,23459
J88,23459
J90,20816
J91,9510
J95,20340
J98,22060
J9A,96310
J9B,28533
J9D,92113
J9E,92140
J9F,92140
J9G,29905
J9J,92145
J9M,32508
J9N,29904
J9R,9707
J9V,28545
J9V,28545
J9W,92145
J9W,92145
J9X,28533
J9X,28533
J9Y,92055
J9Z,29904
JA0,92055
JA4,28542
JA7,28533
JAA,92140
JAB,92055
JAC,92145
JAD,39534
JAE,78236
JAG,20814
JAH,76908
JAH,76908
JAL,23461
JAL,23461
JAM,23460
JAN,23461
JAN,23461
JAR,92135
JAS,3804
JAS,3804
JAT,22060
JAU,76908
JAV,22134
JAV,22134
JAW,73503
JAX,29205
JAZ,23322
JB2,23551
JB3,20755
JB4,32212
JB5,32570
JB9,80011
JBB,28542
JBF,28542
JBG,96385
JBH,96863
JBJ,92278
JBS,92055
JBT,28542
JC1,92155
JC3,2841
JCA,92055
JCB,28533
JCC,28545
JCD,32542
JCI,22134
JCV,28533
JCY,20755
JE1,29905
JE2,29905
JE3,29905
JE4,29905
JEM,22134
JRC,22134
JSF,22134
JW1,92140
JW2,92140
JW3,92140
JWC,92055
JWO,96373
K02,9046
K03,32508
K03,32508
K07,32508
K08,85287
K08,53715
K09,32508
K13,22191
K14,9625
K16,17013
K17,40208
K17,63130
K17,11530
K17,2459
K17,37920
K17,64110
K17,53207
K17,66045
K17,96863
K17,83844
K17,2115
K17,22904
K17,13244
K17,77004
K18,92278
K18,92278
K19,22214
K20,20350
K25,32925
K26,2840
K27,78219
K31,33620
K31,32307
K31,80309
K31,43210
K31,61801
K31,31404
K31,55455
K31,22214
K31,23459
K31,10465
K31,48104
K31,85719
K31,92110
K32,20670
K43,22332
K44,22214
K46,65473
K47,48109
K47,24502
K47,77843
K47,28403
K47,17057
K47,22030
K47,59102
K47,73069
K47,78705
K47,85281
K47,93246
K47,91702
K47,22902
K47,2881
K47,22902
K47,92106
K47,23529
K47,16803
K47,16802
K47,15260
K47,27708
K47,77204
K47,72118
K47,68508
K47,92131
K47,96813
K48,22332
K48,93944
K49,22134
K50,34012
K51,22214
K51,94720
K51,73150
K51,37240
K51,27707
K55,2841
K57,20319
K57,20319
K59,93524
K61,28542
K61,28542
K62,9046
K63,17013
K65,32925
K66,2841
K68,65473
K70,20319
K71,78419
K73,78363
K74,39309
K75,36109
K78,28542
K78,28542
K78,28542
K78,28542
K79,28542
K80,31905
K81,92055
K81,92055
K82,2841
K84,66027
K87,2841
K88,85613
K89,30905
K91,73503
K92,2841
K94,23511
K95,22903
K99,23801
K9A,20319
K9B,20319
K9G,22060
K9J,93944
K9M,92155
K9R,92278
K9T,23459
K9U,23459
K9Y,93246
KA0,92055
KA0,92055
KA1,92055
KA1,92055
KA2,28542
KA2,28542
KA2,28542
KA3,92055
KA3,92055
KA4,28542
KA4,28542
KA7,92055
KA7,92055
KA9,92055
KAA,28542
KAA,28542
KAB,28542
KAC,28542
KAC,28542
KAD,28542
KAE,28542
KAE,28542
KAF,28542
KAF,28542
KAG,28542
KAH,28542
KAJ,28542
KAJ,28542
KAK,92055
KAL,92055
KAM,92055
KAM,92055
KAN,92055
KAP,92055
KAQ,92055
KAR,92055
KAS,92055
KAT,28542
KAV,92055
KAV,92055
KAX,96863
KAY,96863
KAZ,76908
KB2,2841
KB3,36114
KB4,96860
KB5,11024
KB6,39309
KB6,39309
KB8,32578
KB9,32578
KBA,85369
KBB,39534
KBC,32407
KBD,96373
KBE,34012
KBF,20189
KBG,96863
KBH,9170
KBJ,85128
KBM,23461
KC8,2840
KCF,9777
KCS,96205
KD6,32508
KE1,92055
KE2,28542
KE3,96385
KEB,92278
KEB,92278
KES,92278
KES,92278
L02,35898
L07,85613
L08,85309
L12,4306
L13,90016
L14,9723
L15,57719
L16,36114
L17,85004
L18,88330
L20,65305
L21,29152
L22,88103
L30,92878
L31,30297
L35,83724
L38,93555
L38,93555
L39,60018
L40,80202
L41,46216
L43,50266
L47,40202
L51,71118
L55,4101
L57,20762
L58,47522
L61,55122
L63,2215
L68,20640
L69,1760
L71,39201
L73,63102
L74,48221
L75,64153
L78,63132
L91,12207
L93,13202
L95,28201
L97,27604
L98,58102
L9L,1730
L9M,32827
L9M,32827
L9Y,84413
LA1,46216
LA1,20523
LA1,80011
LA1,30069
LA1,94130
LA2,64131
LA3,38055
LA9,64131
LA9,64131
LA9,44199
LA9,64131
LAF,61299
LAG,78419
LAL,96310
LAN,28304
LAS,9114
LAW,2841
LAX,23460
LAY,32508
LAZ,85707
LBA,92055
LBB,28542
LBC,96606
LBD,70114
LBS,19101
LBS,19101
LBU,22331
LC2,96373
LC5,48910
LC7,92147
LC9,20762
LCA,48089
LCH,22134
LDA,63145
LDB,90045
LDE,22214
LDG,28304
LFB,20001
LFC,20001
LGS,28304
LIS,28304
LKY,42223
LMZ,20330
LRD,22134
LSX,22134
LTB,20190
LTP,20190
M00,14201
M02,43230
M05,15222
M10,73102
M11,29207
M12,17070
M15,37922
M16,78207
M17,38112
M21,37220
M31,75202
M32,23551
M37,77052
M41,23801
M44,9830
M60,9046
M68,28308
M68,28310
M68,28308
M6A,22134
M73,22060
M73,22060
M75,78236
M83,11252
M91,23691
M92,74501
M93,92055
M95,96706
M96,96310
M97,29445
M9E,28533
M9G,92145
MA2,23521
MA4,23511
MA6,96863
MA9,32212
MAA,96349
MAB,60064
MAJ,9703
MAL,28542
MAM,62225
MAW,7722
MAX,92055
MAY,96373
MB5,92140
MB9,22214
MBC,33166
MBH,92123
MBN,23551
MBR,22214
MC3,89191
MC4,7806
MC5,92145
MC8,92055
MC9,28533
MCB,47522
MCD,29201
MCF,32544
MCG,21005
MCK,0
MCK,0
MCP,33621
MCV,96860
MCZ,39529
MD3,76127
MD4,19033
MD5,96853
MD7,28307
MD8,31905
MDD,9641
MDG,22134
MDL,95828
MDM,66027
MDT,28545
ME7,22202
ME9,23435
ME9,23435
MF1,96720
MGA,20190
MS8,28304
MSD,22134
MT1,28304
MTC,23185
MTZ,22134
N03,33039
N04,34012
N05,34022
N0A,9421
N0Z,61537
N10,99506
N11,9723
N12,96534
N13,23459
N14,20521
N15,3106
N1A,96271
N1B,33621
N1C,11002
N25,22203
N26,20502
N27,80914
N28,96205
N3A,9831
N3B,9825
N3C,89115
N3D,80912
N3E,20510
NA0,96546
NA1,9702
NA2,9046
NA5,9722
NA6,9128
NA6,9128
NA8,9707
NA9,9128
NAA,80914
NAA,80914
NAB,80914
NAE,32403
NAG,96861
NAG,96861
NAG,96861
NAJ,23551
NAJ,23551
NAL,96515
NAM,96546
NAN,96328
NAP,22209
NAQ,22202
NAR,33172
NAR,33172
NAU,32542
NAV,9620
NAZ,9046
NB4,22060
NB5,20502
NB7,9892
NB8,22214
NBA,9498
NBB,9642
NBG,23551
NBH,23551
NBH,23551
NBJ,96853
NBK,23551
NBL,23551
NBM,33621
NBM,33621
NBN,34032
NBP,33621
NBP,33621
NBQ,218
NBR,23435
NBR,23435
NBS,20301
NBS,20301
NBU,20340
NBW,20318
NBW,20318
NBY,22202
NBZ,20350
NC2,96205
NC3,96205
NC5,43213
NC6,23297
NCA,20755
NCB,96549
NCC,96521
NCD,78236
NCD,78236
NCE,34041
NCF,9821
NCG,9777
NCH,80914
NCL,96520
NCM,9624
NCN,4112
NCR,78520
NCT,33621
NCU,96515
NCV,9890
NCW,20521
NCX,9823
NCY,9721
NCZ,85613
ND7,98433
NDM,23551
NDS,62225
NDS,62225
NDT,33608
NDU,9046
NDX,28542
NDY,28307
NDZ,28307
NE1,9510
NE3,22060
NE7,96861
NE8,79916
NE9,34021
NEC,9046
NEF,22060
NEG,20301
NEH,96860
NEJ,20373
NEM,33040
NEN,96861
NEQ,20024
NEV,33172
NEX,66027
NEY,17013
NEZ,36114
NF2,23511
NF2,23511
NF3,33621
NF4,9107
NF5,20755
NF6,22060
NF6,22060
NF7,68113
NF8,80914
NF9,79905
NFA,20189
NFE,20521
NFF,9128
NFH,20755
NFH,20755
NFK,96860
NFK,96861
NFM,20301
NFN,68113
NFN,68113
NFP,9227
NFR,49014
NFS,20521
NFT,96861
NFV,31905
NFW,9706
NFX,22202
NFY,11530
NFY,11530
NG2,20521
NG3,20521
NG4,9469
NG7,20319
NG8,96521
NG9,23665
NGA,96507
NGC,17110
NGD,34012
NGF,22214
NGG,78236
NGG,78236
NGJ,22214
NGM,22202
NGN,66027
NGS,96205
NGU,22134
NGV,20189
NGW,9107
NGW,9107
NGW,9107
NGX,17110
NGZ,93437
NGZ,93437
NH1,80914
NH5,22214
NH9,23604
NHA,22134
NHB,34038
NHC,80914
NHD,80914
NHD,20350
NHD,80914
NHE,20755
NHF,20319
NHG,76707
NHH,20032
NHL,92278
NHP,92310
NHQ,20024
NHU,9107
NHV,621
NHW,9892
NHX,9817
NHY,9316
NHZ,9812
NJ8,79916
NJA,96861
NJB,68113
NJC,33172
NJH,9046
NJM,23551
NJN,23551
NJS,33621
NJV,20350
NJY,20319
NK1,20318
NK2,3141
NK3,68113
NKA,23435
NKE,80914
NKF,62225
NKL,96328
NKQ,19078
NKT,96205
NKV,9702
NKZ,32542
NLA,96861
NLB,33621
NMM,35898
NN1,85711
NN2,78542
NNV,20521
NP1,121
NS2,9627
NSJ,9107
NUZ,9812
NV6,80912
NVG,32925
NVH,9830
NVJ,9723
NVM,23511
NVM,23511
NVR,22134
NVS,9705
NWC,0
NZ7,83
NZ8,9227
NZ9,32403
NZB,20350
NZD,96861
NZE,96205
NZZ,20755
P01,28542
P01,28542
P01,28542
P01,28542
P01,28542
P01,28542
P01,28542
P01,28542
P01,28542
P01,28542
P01,28542
P01,28542
P01,28542
P01,28542
P01,28542
P01,28542
P01,28542
P01,28542
P01,28542
P01,28542
P01,28542
P01,28545
P01,29904
P01,28545
P01,28545
P01,28545
P01,28545
P03,9890
P43,9839
P49,20521
P50,34023
P55,34041
P60,9834
P61,4112
P63,20521
P64,20521
P65,20521
P66,20521
PAC,70114
PAC,70114
PAC,70114
PAC,70114
PAC,70114
PAC,70114
PAC,70114
PAC,70114
PAC,70114
PAC,70114
PAC,70114
PAC,70114
PAC,70114
PAC,70114
PAC,70114
PAC,70114
PAC,70114
PAC,70114
PAC,70114
PAC,70114
PAC,70114
PAC,70114
PAC,70114
PAC,28542
PAC,28542
PAC,28542
PAC,28542
PAC,28542
PAC,28542
PAC,28542
PAC,28542
PAC,28542
PAC,28542
PAC,28542
PAC,28542
PAC,28542
PAC,28542
PAC,65802
PAC,63044
PAC,63044
PAC,72118
PAC,37167
PAC,36107
PAC,65802
PAC,63044
PAC,76127
PAC,45207
PAC,46216
PAC,76127
PAC,76127
PAC,45207
PAC,46216
PAC,76127
PAC,64147
PAC,70114
PAC,70114
PAC,70114
PAC,70114
PAC,70114
PAC,36605
PAC,92131
PAC,22134
PAC,85309
PAC,80011
PAC,78219
PAC,60088
PAC,23451
PAC,11234
PAC,33015
PAC,70114
PAC,70114
PAC,70114
PAC,70114
PAC,36605
PAC,70114
PAC,70114
PAC,70114
PAC,70114
PAC,70114
PAC,70114
PAC,70114
PAC,70114
PAC,70114
PAC,70114
PAC,70114
PAC,70114
PAC,70114
PAC,70114
PAC,8640
PAC,8640
PAC,8640
PAC,8640
PAC,8640
PAC,8640
PAC,8640
PAC,84065
PAC,92055
PAC,92055
PAC,21702
PAC,22134
PAC,13211
PAC,29044
PAC,92055
PAC,92055
PAC,98433
PAC,85730
PAC,19808
PAC,54304
PAC,61604
PAC,54304
PAC,97217
PAC,19033
PAC,38054
PAC,97217
PAC,61604
PAC,94501
PAC,96863
PAC,94501
PAC,94501
PAC,96863
PAC,94501
PAC,33611
PAC,23459
PAC,32226
PAC,77550
PAC,33611
PAC,77550
PAC,33611
PAC,32226
PAC,23459
PAC,33611
PAC,75051
PAC,79930
PAC,73150
PAC,35801
PAC,75051
PAC,75051
PAC,79930
PAC,73150
PAC,35801
PAC,77034
PAC,91107
PAC,84113
PAC,90660
PAC,94066
PAC,93043
PAC,89115
PAC,77034
PAC,63044
PAC,72118
PAC,37167
PAC,36107
PAC,29905
PAC,29905
PAC,29905
PAC,29905
PAC,29905
PAC,29905
PAC,80011
PAC,76707
PAC,79607
PAC,67210
PAC,44473
PAC,95112
PAC,95112
PAC,66607
PAC,31704
PAC,79408
PAC,75051
PAC,19007
PAC,8640
PAC,23234
PAC,18109
PAC,37406
PAC,19007
PAC,19007
PAC,8640
PAC,23234
PAC,18109
PAC,37406
PAC,19007
PAC,28213
PAC,28213
PAC,28213
PAC,28213
PAC,28213
PAC,28213
PAC,28213
PAC,28213
PAC,28213
PAC,28213
PAC,28213
PAC,28213
PAC,76127
PAC,76127
PAC,21234
PAC,21234
PAC,21234
PAC,21234
PAC,21234
PAC,21234
PAC,21234
PAC,21234
PAC,21234
PAC,21234
PAC,55450
PAC,55450
PAC,55450
PAC,55450
PAC,55450
PAC,55450
PAC,55450
PAC,48045
PAC,55450
PAC,12550
PAC,12550
PAC,28545
PAC,28545
PAC,28545
PAC,28545
PAC,28545
PAC,28545
PAC,28545
PAC,28545
PAC,9834
PAC,33621
PAC,33621
PAC,13211
PAC,21702
PAC,22134
PAC,29044
PAC,84065
PAC,92055
PAC,92055
PAC,83705
PAC,28542
PAC,92131
PAC,40121
PAC,92278
PAC,70508
PAC,98901
PAC,98901
PAC,98901
PAC,98901
PAC,92131
PAC,32508
PAC,9593
PAC,9645
PAC,9834
PAC,23185
PAC,92055
PAC,92055
PAC,92055
PAC,92055
PAC,92055
PAC,92055
PAC,92055
PAC,92055
PAC,92055
PAC,92055
PAC,92055
PAC,92055
PAC,92055
PAC,92055
PAC,92055
PAC,70114
PAC,70114
PAC,70114
PAC,70114
PAC,48045
PAC,48045
PAC,48045
PAC,48045
PAC,30069
PAC,30069
PAC,30069
PAC,30069
PAC,30069
PAC,30069
PAC,30069
PAC,30069
PAC,30069
PAC,30069
PAC,30069
PAC,30069
PAC,30069
PAC,30069
PAC,30069
PAC,30069
PAC,30069
PAC,30069
PAC,92145
PAC,92145
PAC,92145
PAC,44142
PAC,37615
PAC,15137
PAC,43217
PAC,44720
PAC,44142
PAC,44142
PAC,37615
PAC,44720
PAC,43217
PAC,15137
PAC,44142
PAC,12550
PAC,12550
PAC,12550
PAC,28542
PAC,28542
PAC,28542
PAC,28542
PAC,28542
PAC,28542
PAC,28542
PAC,28542
PAC,28542
PAC,28542
PAC,28542
PAC,28542
PAC,28542
PAC,28542
PAC,28545
PAC,28545
PAC,28545
PAC,28545
PAC,28545
PAC,28545
PAC,28545
PAC,28545
PAC,28545
PAC,28545
PAC,28213
PAC,20373
PAC,20373
PAC,92131
PAC,92055
PAC,92131
PAC,83705
PAC,28542
PAC,40121
PAC,70508
PAC,92131
PAC,92278
PAC,92131
PAC,20373
PAC,32827
PAC,28533
PAC,28533
PAC,28533
PAC,28533
PAC,28533
PAC,28533
PAC,77034
PAC,77034
PAC,77034
PAC,77034
PAC,77034
PAC,77034
PAC,77034
PAC,77034
PAC,77034
PAC,60625
PAC,60625
PAC,60625
PAC,60625
PAC,60625
PAC,60625
PAC,60625
PAC,60625
PAC,60625
PAC,60625
PAC,60625
PAC,94066
PAC,60625
PAC,11530
PAC,11530
PAC,11530
PAC,11530
PAC,11530
PAC,11530
PAC,11530
PAC,11530
PAC,11530
PAC,11530
PAC,11530
PAC,11530
PAC,48045
PAC,48045
PAC,48045
PAC,48045
PAC,48045
PAC,48045
PAC,48045
PAC,48045
PAC,48045
PAC,1434
PAC,1434
PAC,1434
PAC,1434
PAC,1434
PAC,1434
PAC,1434
PAC,1434
PAC,1434
PAC,1434
PAC,1434
PAC,1434
PAC,1434
PAC,1434
PAC,1434
PAC,1434
PAC,1434
PAC,1434
PAC,44142
PAC,1434
PAC,1432
PAC,1434
PAC,77034
PAC,77034
PAC,77034
PAC,77034
PAC,77034
PAC,77034
PAC,77034
PAC,60088
PAC,60088
PAC,60088
PAC,60088
PAC,60088
PAC,60088
PAC,60088
PAC,60088
PAC,60088
PAC,60088
PAC,60088
PAC,7701
PAC,7701
PAC,7701
PAC,7701
PAC,7701
PAC,7701
PAC,7701
PAC,7701
PAC,7701
PAC,7701
PAC,7701
PAC,28213
PAC,28213
PAC,28213
PAC,28213
PAC,28213
PAC,28213
PAC,28213
PAC,28213
PAC,28213
PAC,28213
PAC,28213
PAC,28213
PAC,28213
PAC,20521
PAC,92055
PAC,92055
PAC,92055
PAC,92055
PAC,92055
PAC,92055
PAC,92055
PAC,92055
PAC,92055
PAC,92055
PAC,92055
PAC,92055
PAC,92055
PAC,92055
PAC,92055
PAC,92055
PAC,92055
PAC,92145
PAC,92145
PAC,92145
PAC,92145
PAC,92145
PAC,92145
PAC,96427
PAC,92145
PAC,92145
PAC,92145
PAC,92145
PAC,92145
PAC,92145
PAC,85369
PAC,85369
PAC,85369
PAC,85369
PAC,85369
PAC,96863
PAC,96863
PAC,96863
PAC,96860
PAC,96863
PAC,96863
PAC,96857
PAC,96861
PAC,96863
PAC,96863
PAC,96863
PAC,96863
PAC,96863
PAC,96863
PAC,96863
PAC,96863
PAC,96863
PAC,8640
PAC,8640
PAC,8640
PAC,8640
PAC,8640
PAC,8640
PAC,8640
PAC,8640
PAC,8640
PAC,8640
PAC,1434
PAC,76127
PAC,76127
PAC,76127
PAC,76127
PAC,76127
PAC,76127
PAC,92145
PAC,92145
PAC,92145
PAC,92145
PAC,12550
PAC,12550
PAC,12550
PAC,11234
PAC,11234
PAC,11234
PAC,11735
PAC,11234
PAC,11234
PAC,11234
PAC,90740
PAC,90740
PAC,99205
PAC,80011
PAC,92055
PAC,90740
PAC,90740
PAC,90740
PAC,99205
PAC,80011
PAC,92055
PAC,19033
PAC,19808
PAC,38054
PAC,97217
PAC,85730
PAC,54304
PAC,97217
PAC,91107
PAC,90660
PAC,93043
PAC,84113
PAC,89115
PAC,21234
PAC,21234
PAC,21234
PAC,21234
PAC,21234
PAC,21234
PAC,35023
PAC,98433
PAC,98433
PAC,98433
PAC,98433
PAC,98433
PAC,98433
PAC,98433
PAC,98433
PAC,98433
PAC,60088
PAC,60088
PAC,60088
PAC,60088
PAC,60088
PAC,70114
PAC,70114
PAC,70114
PAC,70114
PAC,70114
PAC,70114
PAC,70114
PAC,70114
PAC,70114
PAC,70114
PAC,70114
PAC,70114
PAC,70114
PAC,70114
PAC,70114
PAC,70114
PAC,70114
PAC,70114
PAC,70114
PAC,70114
PAC,70114
PAC,70114
PAC,70114
PAC,70114
PAC,70114
PAC,70114
PAC,70114
PAC,70114
PAC,70114
PAC,70114
PAC,70114
PAC,70114
PAC,70114
PAC,70114
PAC,70114
PAC,70114
PAC,75501
PAC,80011
PAC,80011
PAC,80011
PAC,76707
PAC,79607
PAC,67210
PAC,44473
PAC,95112
PAC,66619
PAC,31704
PAC,79403
PAC,75501
PAC,80011
PAC,78219
PAC,78219
PAC,78219
PAC,78219
PAC,78219
PAC,78219
PAC,78219
PAC,78219
PAC,78219
PAC,78219
PAC,78219
PAC,78219
PAC,78219
PAC,76127
PAC,9107
PAC,9107
PAC,20755
PAC,20755
PAC,20755
PAC,22134
PAC,22134
PAC,22134
PAC,22134
PAC,22134
PAC,22134
PAC,22134
PAC,22134
PAC,22134
PAC,22134
PAC,22134
PAC,22134
PAC,22134
PAC,22134
PAC,22134
PAC,22134
PAC,22134
PAC,22134
PAC,22134
PAC,22134
PAC,22134
PAC,15137
PAC,37920
PAC,98901
PAC,92055
PAC,40510
PAC,40510
PAC,40510
PAC,40510
PAC,40510
PAC,40510
PAC,40510
PAC,40510
PAC,40510
PAC,40510
PAC,59102
PAC,59102
PAC,11234
PAC,59102
PAC,59102
PAC,59102
PAC,59102
PAC,59102
PAC,59102
PAC,59102
PAC,55111
PAC,92131
PAC,22134
PAC,94568
PAC,90725
PAC,60037
PAC,78226
PAC,8640
PAC,32803
PAC,70114
PAC,70114
PAC,22134
PAC,70114
PAC,70114
PAC,98278
PAC,92278
PAC,92278
PAC,92278
PAC,92278
PAC,92278
PAC,96310
PAC,96603
PAC,96603
PAC,96604
PAC,96310
PAC,96603
PAC,96603
PAC,96603
PAC,96603
PAC,96373
PAC,96372
PAC,96373
PAC,96385
PAC,96382
PAC,96380
PAC,96382
PAC,96602
PAC,96373
PAC,96372
PAC,96372
PAC,96604
PAC,96372
PAC,96372
PAC,96373
PAC,96373
PAC,96372
PAC,96372
PAC,96604
PAC,96380
PAC,96373
PAC,96389
PAC,96380
PAC,96389
PAC,96385
PAC,96372
PAC,96373
PAC,96385
PAC,96372
PAC,96373
PAC,96604
PAC,96427
PAC,96385
PAC,96385
PAC,96372
PAC,96372
PAC,96385
PAC,96385
PAC,96372
PAC,96373
PAC,96373
PAC,96373
PAC,96373
PAC,96610
PAC,96373
PAC,96603
PAC,96382
PAC,96603
PAC,96915
PAC,92055
PAC,92055
PAC,92055
PAC,92055
PAC,92055
PAC,92055
PAC,92311
PAC,92055
PAC,92055
PAC,92145
PAC,92145
PAC,92145
PAC,92145
PAC,92145
PAC,92145
PAC,92145
PAC,92145
PAC,92145
PAC,92145
PAC,92145
PAC,92145
PAC,92145
PAC,92145
PAC,92145
PAC,92145
PAC,92145
PAC,92145
PAC,92145
PAC,92145
PAC,92145
PAC,85369
PAC,85369
PAC,85369
PAC,85369
PAC,85369
PAC,85369
PAC,85369
PAC,85369
PAC,85369
PAC,93524
PAC,96863
PAC,96863
PAC,96863
PAC,96863
PAC,96863
PAC,96863
PAC,92278
PAC,92278
PAC,92278
PAC,92278
PAC,92278
PAC,92278
PAC,92278
PAC,92278
PAC,92278
PAC,92278
PAC,92278
PAC,92278
PAC,92278
PAC,92278
PAC,92278
PAC,92278
PAC,92278
PAC,92278
PAC,32508
PAC,32508
PAC,23551
PAC,32508
PAC,23551
PAC,92055
PAC,92055
PAC,92055
PAC,92055
PAC,92055
PAC,92055
PAC,92055
PAC,92055
PAC,92055
PAC,92055
PAC,92055
PAC,92055
PAC,92055
PAC,92055
PAC,92055
PAC,92055
PAC,92055
PAC,92055
PAC,92055
PAC,92055
PAC,92055
PAC,92055
PAC,92055
PAC,92055
PAC,92055
PAC,92055
PAC,92055
PAC,92055
PAC,92055
PAC,92055
PAC,92055
PAC,92055
PAC,92055
PAC,92055
PAC,92055
PAC,92055
PAC,92055
PAC,92055
PAC,92055
PAC,92055
PAC,92055
PAC,92055
PAC,92055
PAC,92055
PAC,92055
PAC,92055
PAC,92055
PAC,92055
PAC,92055
PAC,92055
PAC,92055
PAC,92055
PAC,92055
PAC,92055
PAC,92055
PAC,92055
PAC,92055
PAC,92055
PAC,92055
PAC,28542
PAC,28542
PAC,28533
PAC,28533
PAC,28533
PAC,28533
PAC,28533
PAC,28533
PAC,28533
PAC,28533
PAC,28533
PAC,28533
PAC,28533
PAC,28533
PAC,28533
PAC,28533
PAC,28533
PAC,28533
PAC,28533
PAC,28533
PAC,28533
PAC,28533
PAC,28533
PAC,28533
PAC,28533
PAC,28533
PAC,28533
PAC,28533
PAC,28533
PAC,28533
PAC,29904
PAC,29904
PAC,29904
PAC,29904
PAC,29904
PAC,29904
PAC,29904
PAC,29904
PAC,29406
PAC,29904
PAC,29904
PAC,29904
PAC,29904
PAC,29904
PAC,29904
PAC,29904
PAC,31704
PAC,31704
PAC,31704
PAC,29905
PAC,29905
PAC,29905
PAC,92140
PAC,92140
PAC,92140
PAC,92140
PAC,92140
PAC,92140
PAC,32508
PAC,32508
PAC,32511
PAC,32508
PAC,32508
PAC,32508
PAC,28542
PAC,28542
PAC,28542
PAC,28542
PAC,28542
PAC,28542
PAC,28542
PAC,28542
PAC,28542
PAC,28542
PAC,28542
PAC,28542
PAC,28542
PAC,28542
PAC,28542
PAC,28542
PAC,28542
PAC,28542
PAC,28542
PAC,28542
PAC,28542
PAC,28542
PAC,28542
PAC,28542
PAC,28542
PAC,28542
PAC,28542
PAC,28542
PAC,28542
PAC,28542
PAC,28542
PAC,28542
PAC,28542
PAC,28542
PAC,28542
PAC,28542
PAC,28542
PAC,28542
PAC,28542
PAC,28542
PAC,28542
PAC,28542
PAC,28542
PAC,28542
PAC,28542
PAC,28542
PAC,28542
PAC,28542
PAC,28542
PAC,28542
QAA,20350
QAB,20350
QAB,20350
QAE,22134
QAE,22134
QAF,22134
QAG,22204
QAG,22204
QAJ,20350
QAJ,20350
QAM,20350
QAM,20350
QAM,20350
QAP,20350
QAP,20350
QAP,20350
QAQ,20350
QAQ,20350
QAQ,20350
QAR,20350
QAR,20350
QAS,20350
QAS,20350
QAS,20350
QAT,20350
QAT,20350
QAW,20350
QAW,20350
QBB,20350
QBC,22134
QBC,64147
QBC,22134
QBC,22134
QBF,22134
QBF,22134
QBF,22134
QBF,22134
QBN,22134
QBN,22134
QBR,22204
QBR,22204
QBR,23551
QDC,20350
QDC,20350
QLA,20350
QLA,20350
R00,22134
R00,22134
R00,22134
R02,9213
R06,9825
R08,96546
R10,33309
R12,9213
R14,20189
R17,22134
R19,9213
R21,9213
R22,33309
S00,16504
S00,16504
S01,92055
S01,92055
S02,93246
S02,93246
S04,70114
S04,70114
S05,76127
S05,76127
S06,60088
S06,60088
S07,70114
S07,70114
S08,78219
S08,78219
S09,78219
S09,78219
S0A,15931
S0A,15931
S0B,70114
S0B,70114
S0C,92131
S0C,92131
S0D,20373
S0D,20373
S0E,94519
S0E,94519
S0F,21702
S0F,21702
S0G,0
S0H,77034
S0H,77034
S0I,33611
S0I,33611
S0J,78719
S0J,78719
S0K,78419
S0K,78419
S0L,23451
S0L,23451
S0M,33015
S0N,11234
S0N,11234
S0O,98433
S0O,98433
S0P,78226
S0P,78219
S0Q,80011
S0Q,80011
S0R,92131
S0R,92131
S0S,55111
S0S,55111
S0T,77034
S0T,77034
S0U,92055
S0U,92055
S0V,11530
S0V,11530
S0W,11234
S0W,11234
S0X,94519
S0X,94519
S0Y,11234
S0Y,11234
S0Z,97477
S10,98433
S10,98433
S11,70114
S11,70114
S11,70114
S13,36605
S13,36605
S13,80011
S13,80011
S13,80011
S14,92131
S14,92131
S14,92131
S14,92131
S15,20373
S15,22134
S15,20373
S15,22134
S15,20373
S16,60088
S16,85309
S16,60088
S16,60088
S16,60088
S16,85309
S17,80011
S17,80011
S17,80011
S17,80011
S18,78219
S18,78219
S18,78219
S18,78219
S18,78219
S18,78219
S19,60088
S19,60088
S19,60088
S1A,13211
S1A,13211
S1B,29044
S1B,29044
S1C,78550
S1C,78550
S1D,11234
S1D,11234
S1E,71111
S1E,71111
S1F,19007
S1F,19007
S1G,60625
S1G,60625
S1H,97477
S1H,97477
S1I,95112
S1I,95112
S1J,79607
S1K,60037
S1K,60037
S1L,35023
S1M,99205
S1M,99205
S1N,37920
S1N,37920
S1O,46971
S1O,46971
S1P,36605
S1P,36605
S1Q,16504
S1Q,16504
S1R,78219
S1R,78219
S1S,90201
S1S,90201
S1T,92131
S1T,92131
S1U,80011
S1U,80011
S1V,11735
S1W,1434
S1W,1434
S1X,31704
S1X,31704
S1Y,20373
S1Y,20373
S1Z,11234
S1Z,11234
S20,22134
S20,23451
S20,23451
S20,23451
S20,23451
S21,11234
S21,11234
S21,11234
S21,11234
S21,11234
S21,11234
S22,33015
S22,33015
S22,33015
S23,92131
S23,92131
S23,92131
S23,92131
S23,92131
S23,92131
S24,22134
S24,22134
S24,22134
S24,22134
S24,22134
S24,22134
S25,28542
S25,28542
S25,28542
S25,28542
S25,94568
S25,94568
S26,22134
S26,22134
S26,22134
S26,22134
S26,90725
S26,22134
S26,90720
S27,60037
S27,60037
S27,60037
S28,78226
S28,78226
S28,78226
S28,78226
S28,78226
S28,78226
S29,8640
S29,8640
S29,8640
S29,8640
S2A,60088
S2A,60088
S2A,60088
S2B,60088
S2B,60088
S2C,60088
S2C,60088
S2D,60088
S2D,60088
S2E,23451
S2E,23451
S2E,23451
S2F,92145
S2F,92145
S2F,92145
S2G,33015
S2G,33015
S2H,92145
S2H,92145
S2H,92145
S2I,11234
S2J,35023
S2J,35023
S2J,35023
S2K,76127
S2K,76127
S2K,76127
S2L,60088
S2L,60088
S2M,35023
S2M,35023
S2N,23451
S2N,23451
S2O,60037
S2O,60037
S2P,35023
S2P,35023
S2Q,7701
S2Q,7701
S2R,1022
S2R,1022
S2R,1022
S2S,70143
S2S,70143
S2T,70114
S2T,70114
S2U,97477
S2U,97477
S2V,20373
S2V,20373
S2W,80011
S2W,80011
S2X,25313
S2Y,98433
S2Y,98433
S2Z,95828
S2Z,95828
S30,32803
S30,32803
S30,32803
S38,20373
S3A,76127
S3A,76127
S3A,76127
S3A,76127
S3A,76127
S3B,76127
S3B,76127
S3C,76127
S3C,76127
S3D,92055
S3D,92055
S3D,92055
S3E,67210
S3E,67210
S3F,76127
S3F,76127
S3G,32827
S3G,32803
S3G,32827
S3H,98433
S3H,98433
S3I,53207
S3I,53207
S3J,98433
S3J,94519
S3K,95330
S3K,95330
S3L,46216
S3L,46216
S3M,70820
S3M,70820
S3N,64147
S3N,64147
S3O,60625
S3O,60625
S3P,27409
S3P,27409
S3Q,76707
S3Q,76707
S3R,35023
S3S,95112
S3S,95112
S3T,44473
S3T,44473
S3U,95112
S3U,95112
S3V,31704
S3V,31704
S3W,97217
S3W,97217
S3X,28213
S3X,28213
S3Y,92055
S3Y,92055
S3Z,92055
S3Z,92055
S40,94066
S40,94066
S41,77034
S41,77034
S42,70114
S42,49015
S43,92055
S43,92055
S45,83705
S45,83705
S46,20373
S46,20373
S47,92131
S47,92131
S48,33409
S48,33409
S49,63044
S4B,94519
S4B,94519
S4C,76127
S4C,76127
S4D,77034
S4D,77034
S4E,92145
S4E,92145
S4F,8640
S4F,8640
S4G,76127
S4G,76127
S4H,55450
S4H,55450
S4I,71111
S4I,71111
S4J,18644
S4J,18644
S4K,48045
S4K,48045
S4L,1022
S4L,1022
S4L,1022
S4M,78419
S4M,78419
S4N,11234
S4N,11234
S4O,28213
S4O,28213
S4P,15902
S4P,15902
S4Q,78719
S4Q,78719
S4R,93246
S4R,93246
S50,25313
S51,46216
S52,78550
S52,78550
S53,44473
S53,44473
S54,95828
S54,95828
S54,95828
S55,31704
S55,31704
S56,79408
S56,79408
S58,99506
S58,99506
S5A,30080
S5A,30080
S5B,32508
S5B,32508
S5D,13211
S5D,13211
S5D,13211
S5E,29044
S5E,29044
S5G,90201
S5G,90201
S5J,12550
S5J,12550
S5K,94501
S5K,60436
S5L,30080
S5L,30080
S5M,98433
S5M,98433
S5N,58075
S5N,58075
S5O,50315
S5O,50315
S5P,76707
S5Q,95330
S5Q,95330
S5R,31704
S5S,97477
S5T,60088
S5T,60088
S5U,40510
S5U,40510
S5V,30080
S5V,30080
S5W,49015
S5Y,30067
S5Y,30080
S5Z,22134
S5Z,30067
S5Z,22134
S5Z,22134
S63,99506
S63,99506
S64,33015
S64,33015
S65,31704
S66,15137
S66,15137
S67,92278
S68,80011
S68,80011
S69,60088
S69,60088
S6B,94568
S6B,94568
S6C,70143
S6C,70143
S6C,70143
S6D,23511
S6D,23511
S6D,23511
S6E,92145
S6E,92145
S6E,92145
S6F,92055
S6F,92055
S6G,30069
S6G,30069
S6G,30069
S6G,30069
S6G,30069
S6H,80011
S6H,80011
S6H,80011
S6H,80011
S6I,29605
S6I,29605
S6J,79408
S6J,79408
S6K,75501
S6K,75501
S6M,28213
S6M,28213
S6M,28213
S6M,28213
S6M,28213
S6M,28213
S6N,30080
S6N,30080
S6O,30080
S6O,30080
S6P,60037
S6P,60037
S6Q,61299
S6Q,61299
S6Q,61299
S6R,20373
S6R,20373
S6S,78219
S6S,78219
S6T,78219
S6T,78219
S6W,79607
S6W,79607
S6X,30080
S6X,30080
S70,33015
S70,33015
S71,76544
S71,76544
S72,70114
S72,70114
S73,73150
S73,73150
S74,35801
S74,35801
S75,90740
S75,90740
S76,76127
S76,76127
S77,90740
S77,90740
S78,78219
S78,78219
S79,46216
S7A,8640
S7A,8640
S7A,8640
S7A,8640
S7B,12550
S7B,12550
S7B,12550
S7C,76707
S7C,76707
S7F,8640
S7F,8640
S7F,31098
S7H,68111
S7H,68111
S7H,68111
S7I,55111
S7I,55111
S7J,97217
S7J,97217
S7K,70114
S7K,70114
S7L,8640
S7L,8640
S7M,8640
S7N,80011
S7N,80011
S7O,84065
S7O,84065
S7P,67210
S7P,67210
S7Q,28213
S7Q,28213
S7R,98433
S7R,98433
S7S,95828
S7S,95828
S7T,37920
S7T,37920
S7U,39501
S7U,39501
S7V,55450
S7V,55450
S7X,40510
S7X,40510
S7Y,92055
S7Y,92055
S7Z,59102
S7Z,59102
S81,20762
S81,20762
S82,35023
S83,70114
S84,33015
S84,33015
S85,95330
S85,95330
S86,21234
S87,25313
S88,24019
S89,24502
S8B,70143
S8B,70143
S8B,70143
S8C,37920
S8D,85369
S8D,85369
S8D,85369
S8E,20762
S8E,20762
S8F,70114
S8F,70114
S8F,70114
S8F,70114
S8G,80011
S8G,80011
S8H,22134
S8H,22134
S8I,22134
S8I,22134
S8J,70114
S8K,21702
S8K,21702
S8L,1434
S8M,36605
S8M,36605
S8N,48045
S8N,48045
S8O,78219
S8O,78219
S8P,44473
S8P,44473
S8Q,2905
S8Q,2905
S8Q,2905
S8R,46216
S8R,46216
S8R,46216
S8R,46216
S8S,64147
S8S,64147
S8S,64147
S8S,64147
S8T,46971
S8T,46971
S8U,27409
S8U,27409
S8V,27409
S8V,27409
S8V,27409
S8V,27409
S8W,1434
S8W,1434
S8W,1434
S8X,31409
S8X,31409
S8X,31409
S8Y,934
S8Y,934
S8Z,95112
S8Z,95112
S8Z,95112
S90,48906
S90,48906
S91,21234
S92,23234
S92,23234
S93,78219
S94,78719
S94,78719
S95,94501
S96,36605
S97,27602
S97,27602
S98,29605
S98,29605
S98,29605
S99,21234
S9A,11234
S9B,27409
S9C,95112
S9D,30080
S9E,78219
S9E,78219
S9F,60436
S9G,78219
S9H,33015
S9I,77034
S9I,77034
S9J,21234
S9K,21234
S9L,21234
S9M,92055
S9M,92055
S9N,77550
S9N,77550
S9O,50315
S9O,50315
S9P,11530
S9Q,6062
S9R,20373
S9R,20373
S9R,20373
S9R,20373
S9S,99205
S9T,80011
S9T,80011
S9U,17110
S9U,17110
S9V,71111
S9V,71111
S9W,29418
S9W,29418
S9X,11234
S9X,11234
S9Y,74014
S9Y,74014
S9Z,30080
SA4,78550
SA4,78550
SA5,70114
SA5,70114
SA5,1434
SA5,70114
SA5,1434
SA8,78419
SA8,78419
SAC,11234
SAC,11234
SAG,11234
SAG,11234
SAH,22134
SAH,22134
SAM,70114
SAM,70114
SAN,60088
SAN,60088
SAN,60088
SAO,53207
SAO,53207
SAP,33015
SAP,33015
SAP,33015
SAQ,36605
SAQ,36605
SAQ,36605
SAR,94501
SAR,94501
SAR,94501
SAT,96863
SAT,96863
SAV,7701
SAV,7701
SAX,33015
SAX,33015
SB0,97217
SB0,97217
SB1,32212
SB3,28213
SB3,28213
SB4,92131
SB4,92131
SB5,32827
SB5,32827
SB6,61299
SB6,61299
SB7,30080
SB7,30080
SB8,27409
SB8,27409
SBA,92145
SBB,94501
SBB,94501
SBC,76127
SBC,76127
SBD,92131
SBD,92131
SBE,77550
SBE,77550
SBL,70143
SBL,70143
SBM,94501
SBM,94501
SBO,53704
SBO,53704
SBP,80011
SBP,80011
SBQ,75051
SBQ,75051
SBT,31409
SBT,31409
SBU,27606
SBU,27602
SBW,29418
SBW,29418
SBX,31704
SBX,31704
SBY,29418
SBY,29418
SC2,45207
SC2,45207
SC2,45207
SC3,45433
SC3,45433
SC4,92055
SC4,92055
SC7,45207
SC9,55111
SC9,55111
SCC,16504
SCC,16504
SCE,11234
SCE,11234
SCH,15931
SCH,15931
SCJ,58075
SCJ,58075
SCK,15137
SCK,15137
SCL,11234
SCL,11234
SCM,70114
SCM,70114
SCN,21702
SCN,21702
SCO,92055
SCO,92055
SCP,90201
SCP,90201
SCP,90201
SCQ,33409
SCQ,33409
SCR,77034
SCR,77034
SCS,78719
SCS,78719
SCT,78419
SCT,78419
SCU,78719
SCU,78719
SCV,46216
SCV,46216
SD0,22134
SD0,20373
SD2,21234
SD2,21234
SD2,21234
SD3,21234
SD3,21234
SD3,21234
SD4,25313
SD4,25313
SD5,25313
SD5,25313
SD6,25313
SD6,25313
SD8,77034
SD8,77034
SD9,24019
SD9,24019
SDB,78550
SDB,78550
SDC,24502
SDC,24502
SDD,89115
SDF,37920
SDF,37920
SDG,71111
SDG,71111
SDH,21234
SDH,21234
SDI,27602
SDI,27606
SDJ,12550
SDK,24019
SDK,24019
SDL,24019
SDL,24019
SDM,12550
SDN,33611
SDN,33611
SDN,33611
SDN,33611
SDN,33611
SDO,74014
SDO,74014
SDP,24502
SDP,24502
SDQ,24502
SDQ,24502
SDS,23459
SDS,23459
SDV,32226
SDV,32226
SDX,37920
SDX,37920
SDY,37920
SDY,37920
SE1,35801
SE2,92055
SE2,92055
SE3,78219
SE3,78219
SE4,70114
SE4,70114
SE5,93246
SE5,93246
SE6,92145
SE7,76127
SE7,76127
SE8,89115
SE8,89115
SE9,45207
SE9,45207
SEB,19007
SEB,19007
SEF,23234
SEF,23234
SEL,24019
SEL,24019
SEO,92131
SEO,92131
SET,40121
SET,40121
SEW,92145
SEW,92145
SF1,92055
SF2,92131
SF2,92131
SF3,85309
SF3,85309
SF4,32827
SF4,32803
SF5,92055
SF5,64147
SF5,64147
SF6,21702
SF6,84065
SF7,31704
SF7,31704
SF8,22134
SF9,13211
SF9,13211
SG0,39501
SG0,39501
SG3,11234
SG3,11234
SG3,11234
SG5,11234
SG5,11234
SG6,28542
SG6,28542
SG8,11234
SG8,11234
SG9,70114
SGA,92131
SGA,92131
SGB,11234
SGB,11234
SGC,92055
SGC,92055
SGE,98901
SGE,98901
SGF,83705
SGF,83705
SGG,78219
SGH,78219
SGH,78219
SGH,78219
SGH,78219
SGH,78219
SGI,1434
SGI,1434
SGJ,92278
SGJ,92278
SGK,70508
SGK,70508
SGL,78219
SGL,78219
SGM,92131
SGM,92131
SGN,33611
SGN,33611
SGP,30080
SGP,30080
SGP,30080
SGQ,7806
SGR,28542
SGR,28542
SGR,28542
SGS,78219
SGS,78219
SGT,7806
SGU,87117
SGU,87117
SGU,87117
SGV,87117
SGV,96863
SGX,94501
SGX,94501
SH0,11234
SH0,11234
SH1,17110
SH4,6512
SH4,6512
SH5,11530
SH6,40121
SH6,40121
SH8,78550
SH8,78550
SH9,87117
SHB,90740
SHC,28542
SHC,28542
SHE,92055
SHE,92055
SHE,92055
SHF,37406
SHG,22134
SHH,11234
SHI,11234
SHI,11234
SHJ,70508
SHJ,70508
SHL,92131
SHL,92131
SHL,92131
SHM,92778
SHM,92278
SHM,92278
SHO,60037
SHO,60037
SHP,92055
SHP,92055
SHP,92055
SHQ,33015
SHS,98901
SHS,98901
SHU,83705
SHU,83705
SHU,83705
SHW,78219
SHX,19808
SHX,19808
SI0,92055
SI0,92055
SI2,95112
SI2,95112
SI3,49015
SI3,49015
SI4,97217
SI4,97217
SI5,38054
SI5,38054
SI6,35023
SI6,35023
SI7,85730
SI7,85730
SI8,19808
SI8,19808
SI9,61604
SIA,35023
SIA,35023
SIB,21234
SIB,21234
SIC,76127
SID,8640
SIG,95112
SIG,95112
SIJ,70114
SIJ,70114
SIJ,70114
SIJ,70114
SIL,20373
SIM,33015
SIN,22134
SIO,30080
SIO,30080
SIP,70114
SIQ,94568
SIR,38054
SIR,38054
SIR,38054
SIS,38054
SIS,38054
SIT,7701
SIT,7701
SIT,7701
SIT,7701
SIT,7701
SIT,7701
SIU,66607
SIU,66607
SIW,31704
SIW,31704
SIY,29418
SIY,29418
SIZ,76127
SJ0,28213
SJ0,28213
SJ2,94066
SJ3,94066
SJ3,94066
SJ3,94066
SJ4,77034
SJ5,77034
SJ5,77034
SJ5,77034
SJ6,77034
SJ6,77034
SJ7,78719
SJ7,78719
SJ7,78719
SJ8,78419
SJ8,78419
SJ9,71111
SJ9,71111
SJA,68111
SJA,68111
SJB,94066
SJB,94066
SJD,29044
SJD,29044
SJE,91107
SJE,91107
SJE,91107
SJF,94066
SJF,94066
SJG,84113
SJG,84113
SJG,84113
SJH,90660
SJH,90660
SJI,60625
SJI,60625
SJJ,93043
SJJ,93043
SJK,74014
SJK,74014
SJL,32226
SJM,89115
SJM,89115
SJN,94501
SJO,61299
SJO,61299
SJP,63044
SJP,63044
SJP,63044
SJP,63044
SJQ,72118
SJQ,72118
SJR,37167
SJR,37167
SJR,37167
SJS,36107
SJS,36107
SJT,65802
SJT,65802
SJU,74014
SJU,74014
SJV,74014
SJV,74014
SJW,74014
SJW,74014
SJX,74014
SJX,74014
SJY,78550
SJY,78550
SJZ,60088
SJZ,60088
SJZ,90201
SK0,50315
SK0,50315
SK4,48045
SK5,48045
SK5,48045
SK5,48045
SK6,48045
SK6,49015
SK6,49015
SK7,47803
SK7,47803
SK8,48906
SK8,48906
SK9,43551
SK9,43551
SKA,70114
SKB,70820
SKB,70820
SKD,60625
SKD,60625
SKD,60625
SKE,50109
SKE,50109
SKF,53207
SKF,53207
SKG,53704
SKG,53704
SKG,53704
SKH,60037
SKH,60037
SKI,60037
SKI,60037
SKJ,1434
SKL,15931
SKO,95112
SKO,95112
SKP,47803
SKS,74014
SKS,74014
SKU,74014
SKU,74014
SKW,74014
SKW,74014
SKX,8640
SKX,8640
SKZ,16504
SL0,37920
SL0,37920
SL1,74014
SL1,74014
SL2,1434
SL3,1434
SL3,1434
SL4,1434
SL4,1434
SL5,1432
SL5,1432
SL5,1432
SL6,4011
SL6,4011
SL6,4011
SL7,3053
SL7,3053
SL8,14201
SL8,14201
SL8,14201
SL9,1432
SL9,1432
SLB,11530
SLC,11530
SLD,11234
SLD,11530
SLD,11530
SLE,17110
SLE,17110
SLE,17110
SLF,6062
SLF,6062
SLF,6062
SLG,7806
SLG,7806
SLH,11530
SLH,11234
SLI,53704
SLI,53704
SLJ,37920
SLK,7806
SLL,6062
SLM,44142
SLM,44142
SLM,44142
SLM,44142
SLN,37615
SLN,37615
SLO,32827
SLO,32827
SLP,44720
SLP,44720
SLQ,43217
SLQ,43217
SLR,15137
SLR,15137
SLS,79930
SLT,70143
SLT,70143
SLU,71111
SLU,71111
SLV,78226
SLV,78226
SLW,23459
SLX,23451
SLY,92055
SLY,92055
SM0,53207
SM0,53207
SM1,11234
SM2,76127
SM3,76127
SM3,76127
SM3,76127
SM6,99205
SM6,99205
SM7,90740
SM7,90740
SM8,11234
SM9,60088
SMA,90660
SMB,70114
SMC,20373
SMD,33015
SME,75051
SMF,49015
SMG,75051
SMG,75051
SMH,97217
SMI,80011
SMI,80011
SMJ,54304
SMK,73150
SMK,73150
SMK,73150
SMM,38054
SMN,76127
SMO,30069
SMO,30069
SMP,23451
SMQ,19154
SMS,19007
SMS,19007
SMS,19007
SMT,8640
SMT,8640
SMT,8640
SMU,23234
SMU,23234
SMV,18109
SMV,18109
SMV,18109
SMX,70114
SMY,32226
SMZ,77550
SN1,87117
SN3,98433
SN3,98433
SN3,98433
SN3,98433
SN3,98433
SN3,98433
SN4,35801
SN4,35801
SN6,37406
SN6,37406
SN7,90822
SN8,33611
SN9,23459
SNA,33611
SNB,90740
SNC,90660
SNC,90660
SND,90740
SND,90740
SNE,79930
SNE,79930
SNE,79930
SNF,90740
SNF,90740
SNG,80011
SNG,80011
SNG,80011
SNJ,76127
SNM,21234
SNN,24019
SNQ,24502
SNR,24502
SNS,24502
SNV,8640
SNW,70114
SNW,70114
SNX,30080
SNY,31409
SNZ,74014
SO1,11234
SO1,11234
SO1,20373
SO1,20373
SO2,63044
SO2,63044
SO3,30069
SO3,30069
SO4,11234
SO4,11234
SO5,36605
SO5,36605
SO6,78219
SO6,78219
SO7,92055
SO8,95112
SO8,95112
SO9,92055
SO9,92055
SOA,92055
SOA,92055
SOB,21702
SOB,21702
SOC,11530
SOC,11530
SOD,13211
SOD,13211
SOE,6062
SOE,6062
SOF,11530
SOF,11530
SOG,11234
SOG,11234
SOH,80011
SOH,80011
SOJ,28213
SOJ,28213
SOK,32827
SOK,32827
SOL,27602
SOL,27602
SOM,1434
SOM,1434
SON,29418
SON,29418
SOP,39501
SOQ,61299
SOQ,61299
SOR,40510
SOS,28213
SOS,28213
SOT,2905
SOT,60088
SOT,60088
SOT,2905
SOU,11234
SOU,11234
SOV,23459
SOV,23459
SOW,70114
SOY,89115
SOY,89115
SOZ,6062
SP1,76127
SP2,92055
SP2,92055
SP2,92055
SP2,92055
SP3,92055
SP3,92055
SP4,21702
SP4,21702
SP5,84065
SP5,84065
SP6,22134
SP6,22134
SP7,21702
SP7,21702
SP8,22134
SP8,22134
SP9,84065
SP9,84065
SPA,22134
SPB,20373
SPB,94501
SPB,20373
SPB,94501
SPC,39501
SPC,39501
SPD,92145
SPD,92145
SPE,92055
SPE,92055
SPF,29605
SPF,29605
SPG,28213
SPG,28213
SPH,11530
SPI,27602
SPI,27602
SPJ,11530
SPK,17110
SPL,24502
SPM,30080
SPN,33015
SPP,80011
SPP,80011
SPQ,92055
SPR,70114
SPS,64147
SPS,64147
SPT,11234
SPT,11234
SPU,11234
SPU,11234
SPV,55111
SPV,55111
SPW,40510
SPW,40510
SPX,8640
SPX,8640
SPY,23451
SPZ,76127
SQ2,92145
SQ2,92145
SQ3,70114
SQ3,70114
SQ4,70114
SQ5,90740
SQ5,90740
SQ6,19007
SQ6,19007
SQ7,94066
SQ7,94066
SQ8,6512
SQ9,31704
SQ9,31704
SQA,55111
SQA,55111
SQA,55111
SQA,70114
SQA,55111
SQB,98433
SQB,98433
SQC,75501
SQC,75501
SQD,85309
SQD,85309
SQE,70114
SQF,33015
SQF,33015
SQG,15137
SQG,15137
SQH,78219
SQH,78219
SQJ,40510
SQJ,40510
SQJ,40510
SQK,92131
SQK,92131
SQL,33015
SQL,33015
SQM,33015
SQM,33015
SQN,15137
SQN,15137
SQO,92055
SQO,92055
SQP,15137
SQP,15137
SQP,15137
SQQ,45207
SQQ,45207
SQS,11530
SQS,11530
SQU,6062
SQV,7806
SQV,7806
SQW,76127
SQW,76127
SQX,17110
SQX,17110
SQY,92145
SQY,92145
SQZ,11530
SQZ,11530
SR1,76127
SR1,76127
SR2,30069
SR2,70114
SR2,70114
SR2,70114
SR2,70114
SR2,30069
SR2,70114
SR2,70114
SR4,99205
SR4,99205
SR5,90740
SR5,90740
SR6,19007
SR6,19007
SR7,8640
SR7,8640
SR8,23234
SR8,23234
SR9,18109
SR9,18109
SRB,37406
SRB,37406
SRC,79930
SRC,79930
SRD,96863
SRD,96863
SRE,36605
SRE,36605
SRF,33015
SRF,33015
SRG,21234
SRG,21234
SRH,27409
SRH,27409
SRJ,46971
SRJ,46971
SRK,44142
SRK,44142
SRL,92131
SRL,92131
SRN,92055
SRN,92055
SRO,60088
SRO,60088
SRP,98901
SRP,98901
SRQ,83705
SRQ,83705
SRR,92278
SRR,92278
SRS,40121
SRS,40121
SRT,28542
SRT,28542
SRU,21234
SRU,21234
SRV,46216
SRV,46216
SRW,1432
SRW,1432
SRX,70114
SRX,70114
SRY,70143
SRY,70143
SRZ,64147
SRZ,64147
SS4,19007
SS4,19007
SS5,74014
SS5,74014
SSI,23451
SSI,23451
SSJ,64147
SSJ,64147
SSM,4011
SSM,4011
SSN,14201
SSN,14201
SSO,92145
SSO,92145
SSP,28542
SSP,28542
SSQ,60625
SSQ,60625
SSR,45207
SSR,45207
SSS,43217
SSS,43217
SST,50315
SST,50315
SSU,76127
SSV,7806
SSV,7806
SSW,29044
SSW,29044
SSX,1432
SSX,1432
SSY,1432
SSY,1432
SSZ,1434
SSZ,1434
ST1,60088
ST1,60088
ST7,60037
ST7,60037
STE,76127
STE,76127
STG,8640
STG,8640
STH,11530
STH,11530
STI,33611
STI,33611
STJ,78550
STJ,78550
STL,45433
STL,45433
STM,17110
STM,17110
STN,77034
STN,77034
STO,80011
STO,80011
STP,46216
STP,46216
STQ,70508
STQ,70508
STR,89115
STR,89115
STS,89115
STS,89115
STT,59102
STT,59102
STT,59102
STT,59102
STV,3053
STV,3053
STW,53704
STW,53704
STX,53207
STX,53207
STY,72118
STY,72118
STZ,15137
STZ,15137
SU2,97217
SU3,98433
SU3,98433
SU3,98433
SU4,85309
SU4,85309
SU5,98433
SU5,98433
SU5,98433
SU6,97217
SU6,97217
SU6,97217
SU7,97217
SU7,97217
SU8,49015
SU8,49015
SU9,49015
SU9,49015
SUA,55111
SUA,55111
SUB,11234
SUB,11234
SUB,11234
SUC,91107
SUC,91107
SUD,19033
SUE,19808
SUE,19808
SUE,19808
SUF,19033
SUF,19033
SUG,19808
SUG,19808
SUH,54304
SUH,54304
SUI,11234
SUI,11234
SUK,54304
SUK,54304
SUL,90660
SUL,90660
SUM,61604
SUM,61604
SUN,61604
SUN,61604
SUO,8640
SUO,8640
SUP,85309
SUP,85309
SUP,85309
SUQ,93043
SUQ,93043
SUR,84113
SUR,84113
SUS,85730
SUS,85730
SUT,85309
SUT,85309
SUU,30069
SUU,30069
SUV,49015
SUV,49015
SUZ,85309
SUZ,85309
SV5,94066
SV5,94066
SV7,94066
SV7,94066
SV8,92131
SV8,92131
SVB,90740
SVB,90740
SVC,48045
SVC,48045
SVE,85730
SVE,85730
SVF,99205
SVF,99205
SVG,65802
SVG,65802
SVH,47803
SVH,47803
SVJ,33015
SVJ,33015
SVN,23511
SVN,23511
SVO,6512
SVO,6512
SVP,12550
SVP,12550
SVQ,92145
SVQ,92145
SVR,60088
SVR,60088
SVT,33409
SVT,33409
SVU,92131
SVU,92131
SVV,78219
SVV,78226
SVW,94066
SVW,94066
SVX,60625
SVX,60625
SVY,50315
SVY,50315
SVZ,53207
SVZ,53207
SW1,60037
SW1,60037
SW2,30069
SW3,30069
SW3,30069
SW4,76127
SW4,76127
SW5,19154
SW5,19154
SW6,30069
SW6,30069
SW7,27602
SW7,27602
SW8,30069
SW8,30069
SW9,20373
SW9,20373
SWA,97477
SWA,97477
SWB,46613
SWB,46613
SWB,46613
SWD,92131
SWD,92131
SWD,92131
SWE,37920
SWE,37920
SWE,37920
SWF,61299
SWF,61299
SWG,32803
SWG,32827
SWH,20373
SWH,20373
SWH,20373
SWI,32827
SWI,32827
SWJ,23607
SWK,29605
SWK,29605
SWL,15137
SWL,15137
SWL,15137
SWM,22134
SWM,22134
SWN,94519
SWN,94519
SWO,22134
SWO,22134
SWP,90201
SWP,90201
SWQ,98433
SWQ,98433
SWR,80011
SWR,80011
SWS,99205
SWS,99205
SWT,60625
SWT,60625
SWU,92055
SWU,92055
SWV,78219
SWV,78219
SWW,89115
SWW,89115
SWW,89115
SWY,48045
SWY,48045
SWZ,15902
SWZ,55450
SWZ,15902
SWZ,55450
SXB,98433
SXB,98433
SXC,79408
SXC,79408
SXH,79607
SXH,79607
SXP,64147
SXP,64147
SXR,80011
SXR,80011
SXX,11234
SXX,11234
SXY,11735
SXY,11735
SXZ,11234
SXZ,11234
SY2,7701
SY3,36605
SY3,36605
SY3,36605
SYA,80011
SYA,80011
SYF,23451
SYF,23451
SYG,33015
SYG,33015
SYH,60037
SYH,60037
SYI,8640
SYI,8640
SYJ,11234
SYJ,11234
SYK,70114
SYK,70114
SYM,22134
SYM,22134
SYN,78226
SYN,78219
SYP,23451
SYP,23451
SYQ,33611
SYQ,33611
SYR,33015
SYR,33015
SYS,60088
SYS,60088
SYU,70143
SYU,70143
SYV,45433
SYV,45433
SYW,92131
SYW,92131
SYW,92131
SYX,90725
SYY,76127
SYY,76127
SYZ,92145
SYZ,92145
SZ2,7701
SZ2,7701
SZ3,28213
SZ3,28213
SZ4,98433
SZ4,98433
SZ5,85309
SZ5,85309
SZ6,30080
SZ6,30080
SZ7,78219
SZ7,78219
SZ8,78219
SZ8,78219
SZ9,87117
SZ9,87117
SZA,55111
SZA,55111
SZB,80011
SZB,80011
SZC,92131
SZC,92131
SZD,22134
SZD,22134
SZE,90725
SZE,90725
SZF,8640
SZF,8640
SZG,92055
SZG,92055
SZH,63044
SZH,63044
SZJ,20762
SZJ,20762
SZK,92131
SZK,92131
SZL,22134
SZL,22134
SZM,28213
SZM,28213
SZN,31704
SZN,31704
SZP,97217
SZP,97217
SZQ,934
SZQ,934
SZR,98433
SZR,98433
SZT,22134
SZT,22134
SZV,97477
SZV,97477
SZW,95828
SZW,95828
SZZ,95330
SZZ,95330
T01,96551
T02,79936
T03,33039
T04,9046
T05,34012
T06,23551
T07,30308
T08,28542
T09,20744
T0A,96389
T0B,89081
T0C,92155
T0D,33621
T0E,9421
T0F,78363
T0Z,61537
T11,96534
T12,20755
T12,20755
T13,22060
T13,22060
T14,23461
T15,20318
T17,9227
T18,22202
T1A,96271
T1B,98278
T1B,98278
T1C,20350
T1D,20350
T1E,20816
T20,20350
T20,20350
T21,20350
T21,20350
T30,20350
T30,20350
T31,96349
T33,96328
T34,20301
T35,20350
T35,20350
T36,20350
T37,20350
T38,20350
T39,20350
T40,20350
T41,20350
T42,20350
T43,20350
T44,20350
T45,20350
T46,22203
T46,22203
T47,9821
T48,20510
T49,20374
T50,9107
T52,20350
T53,23551
T57,95304
T58,78236
T59,9722
T61,33621
T61,33621
T62,20374
T63,20374
T66,32226
T67,92145
T68,96326
T69,78236
T69,78236
T6Z,23435
T71,20374
T72,96349
T73,96551
T7Z,23459
T82,9620
T84,80914
T88,98433
T89,33172
T89,33172
T8Z,96534
T90,9128
T90,9128
T91,9128
T91,9128
T92,92147
T93,80912
T94,96860
T95,96328
T95,96328
T96,96349
T98,20350
T98,90024
T99,9046
T9B,20670
T9C,92110
T9G,93043
T9H,93043
T9J,93043
T9P,39501
T9W,68113
T9X,39501
T9Z,39568
TA1,93524
TA5,39501
TA8,9107
TA8,9107
TA9,22214
TAA,20350
TAB,96540
TAD,66027
TAF,20755
TAG,22911
TAH,60688
TAJ,20755
TAK,20301
TAL,84056
TAN,32508
TAQ,23511
TAQ,23551
TAR,23461
TAV,32544
TAW,20330
TAY,92055
TAY,22134
TAY,28547
TB2,99224
TB3,92135
TB4,28308
TB6,96205
TB6,96205
TB8,22214
TB8,8640
TB9,96326
TBG,78520
TBH,0
TC0,34012
TC9,92135
TCB,28542
TCE,23435
TCE,23435
TCF,22214
TCJ,96860
TCJ,96860
TCR,20330
TCS,22060
TCV,20376
TCX,22134
TCZ,20032
TD4,89115
TD9,22134
TDE,80914
TDT,22448
TDT,22448
TDU,80914
TDX,80920
TED,28304
TEN,96860
TEX,34012
TF1,28310
TF2,96861
TF3,92055
TF4,22204
TF4,22204
TF9,96861
TFA,28542
TFC,32542
TFD,89406
TFE,22060
TFF,80912
TFN,28304
TFQ,9880
TFT,32508
TFY,23551
TG1,62225
TG1,62225
TG2,62225
TG3,68113
TG4,23459
TG6,23459
TG8,68113
TG8,68113
TGB,32403
TGB,32403
TGH,78219
TGM,33621
TGP,20755
TGP,20755
TGR,23604
TGR,23604
TGV,30340
TGY,9053
TGZ,96815
TH3,23551
TH4,92310
TH5,98433
TH6,9046
TH7,9046
THA,33040
THB,96861
THC,33172
THD,22214
THE,22314
THJ,79916
THL,23511
THL,23511
THN,96349
THQ,20024
THR,92155
THS,22214
THT,20502
THV,92278
THY,20510
TIB,23460
TIU,2142
TIU,2142
TIV,94043
TIV,94043
TJ5,9128
TJ5,9128
TJA,9175
TJB,20502
TJD,9227
TJG,20755
TJT,28307
TJU,9365
TJV,46204
TJZ,94043
TJZ,94043
TK2,6615
TK3,79104
TK8,20521
TK9,20521
TKA,19078
TKP,66027
TKQ,19078
TKX,46204
TKZ,44199
TL4,9510
TL5,6468
TL8,9107
TL9,9702
TLA,31704
TLA,31704
TLC,96306
TLE,93437
TLE,93437
TLF,23551
TLG,92136
TLH,23511
TLW,20390
TLZ,23521
TM2,22134
TM3,9803
TM6,22134
TM7,11530
TMG,33621
TMG,33621
TMG,33621
TMG,33621
TMH,96205
TMH,96205
TMJ,23511
TMJ,23511
TMN,92155
TMS,9469
TMS,9469
TMX,22202
TN1,20301
TN3,9107
TN5,22060
TN6,22203
TNA,96349
TND,22134
TNE,22202
TNF,22134
TNG,80914
TNG,80914
TNL,20755
TNM,20755
TNW,78236
TNW,78236
TP6,20640
TP6,20640
TP7,34012
TP9,9107
TPA,20301
TPE,20319
TPM,96915
TPN,39501
TPS,96857
TR1,49015
TR2,22214
TR3,22134
TR3,22134
TR5,9831
TR8,9828
TRA,33621
TRB,9107
TRC,9842
TRD,96861
TRE,20755
TRF,20755
TRG,22134
TRG,22134
TRH,33621
TRJ,33621
TRK,62225
TRL,20755
TRM,20755
TRN,20755
TRP,20755
TRQ,20755
TRR,20755
TRS,80914
TRS,80914
TRT,34022
TRU,20755
TRV,20755
TRW,20755
TRX,20755
TRY,20755
TRZ,28307
TSB,20502
TSC,22202
TSC,22350
TSD,22202
TSE,20755
TSF,9107
TSG,22214
TSJ,9107
TSL,9705
TSM,28304
TSO,28304
TSP,20301
TSR,22134
TSR,22134
TSV,29044
TSW,28542
TSX,22134
TT2,20350
TT3,93517
TT4,92277
TT5,85364
TT6,92140
TT7,92311
TT8,92145
TTC,64131
TTH,20301
TTU,64131
TTV,9107
TTW,70114
TTX,92055
TTX,92055
TTZ,96373
TVE,96861
TVF,96205
TVG,28307
TVT,22202
TVZ,20755
TW0,96861
TW0,96861
TW1,96205
TWA,80912
TWA,80912
TWB,80011
TWB,80011
TWC,6011
TWD,22134
TWE,33621
TWF,33608
TWG,96515
TWH,96546
TWJ,34012
TWK,80914
TWL,32403
TWM,9046
TWN,9892
TWZ,9627
TX1,9751
TX2,9131
TX3,96861
TXS,92055
TXV,20619
TXX,88103
TXZ,28542
TZ2,9107
TZ3,23511
TZ4,28542
TZ6,96863
TZ7,9825
TZ8,22134
TZ9,29410
TZK,22060
TZV,92154
TZX,85711
TZY,78542
TZZ,20755
U00,93555
U00,93555
U01,44199
U06,96205
U06,96205
U12,19111
U12,19111
U18,92278
U18,92278
U20,23551
U20,23551
U27,17055
U28,43213
U28,43213
U30,32511
U33,23297
U33,23297
U59,77059
U61,20591
U70,28542
U72,92055
U76,96373
U80,22134
U84,20374
U85,92055
U86,96915
U87,28542
U90,30337
U91,92145
U98,10022
U98,10022
U9D,20350
U9K,9625
U9N,96860
U9U,22134
U9X,28542
UA0,29904
UA1,64131
UA2,20350
UA3,92055
UA6,92055
UA7,92140
UA9,96863
UAD,22134
UAE,20350
UAE,20350
UAG,96373
UAL,20373
UAN,22134
UAS,33621
UAS,33621
UB2,20762
UB9,29905
UBC,96863
UBN,96373
UBY,20301
UBY,20301
UC1,20350
UC4,28545
UC5,92055
UC6,96348
UCA,96205
UCA,96205
UCB,96861
UCG,33621
UCG,33621
UCJ,93246
UCL,93246
UCM,22203
UCT,23460
UCU,96860
UD6,9540
UD8,9622
UD9,9627
UDA,9046
UDB,33621
UDB,33621
UDH,9838
UDK,9645
UDT,29445
UDZ,22202
UE2,20373
UE3,96860
UE6,22209
UE7,9622
UE8,96349
UE9,9834
UEA,96861
UEB,64131
UEL,92140
UEZ,96380
UF1,34012
UF2,9619
UF5,30354
UFJ,23551
UFK,92155
UFL,76101
UFT,20816
UGA,22214
UGF,92055
UGH,28542
UGP,29406
UGW,29406
UGW,29406
UGX,23322
UH1,93955
UHE,20374
UHP,22134
UHP,22134
UJA,35897
UJB,32542
UJK,78219
UK6,23459
UKA,22134
UKA,22134
UKB,22134
UKC,66027
UKD,92055
UKD,92055
UKE,28542
UKE,28542
UKF,96382
UKF,96382
UKG,9834
UKH,96382
UKH,96382
UKK,28542
UKK,28542
UKM,22134
UKT,92278
UKT,92278
UKU,92278
UKU,92278
UMA,20390
V11,92055
V12,28542
V13,96863
V14,92055
V15,92055
V16,28542
V17,92278
V18,28542
V21,92055
V22,28542
V23,96863
V24,92055
V25,92055
V26,28542
V27,92278
V28,28542
V31,92055
V32,28542
V33,96863
V34,92278
V35,92055
V36,28542
V37,92278
V38,28542
V61,29904
V63,29904
V6A,96310
V6B,96603
V80,28533
V81,28533
V83,28533
V8A,85369
V8B,85369
V8C,85369
V9B,28533
VF0,29904
VF1,29904
VF2,85369
VF3,29904
VF4,29904
VF7,85369
VFA,28545
VFB,92145
VFD,92145
VFE,92145
VFG,92145
VFH,28533
VFH,28533
VH1,92145
VHA,92145
VHB,96863
VHC,92145
VHD,92145
VHE,92145
VHG,96863
VHM,28545
VLA,92055
VLB,92055
VLC,96863
VLD,92055
VLF,92055
VLH,92055
VLH,92055
VM1,28545
VM2,28545
VM3,28545
VM4,28545
VM5,28545
VM6,28545
VMA,92145
VMB,92145
VMC,92055
VMD,92145
VME,92145
VMH,96863
VMJ,92055
VR1,28533
VRA,92145
W03,33040
W04,92055
W05,9593
W08,48089
W18,28542
W25,64147
W27,20374
W37,39501
W44,20390
W45,93043
W49,20395
W51,64147
W52,93944
W53,35897
W65,22134
W66,64197
W66,64197
W71,20889
W91,20374
W93,20374
W94,22134
W95,0
W96,20380
W96,22134
W97,0
W98,0
W99,0
WAD,17070
WAD,17070
X1A,91915
104,60088
APH,20003
1TT,20003
